source_mat_id_orig,samp_description,tax_id,scientific_name,investigation_type,env_material,collection_date,sampling_event,sampl_person,sampl_person_orcid,tidal_stage,comm_samp,noteworthy_env_cond,replicate,size_frac_low,size_frac_up,depth,samp_collect_device,samp_mat_process,samp_mat_process_dev,samp_store_date,samp_store_loc,samp_store_temp,store_person,store_person_orcid,other_person,other_person_orcid,long_store,samp_size_mass,ship_date,arr_date_hq,store_temp_hq,ship_date_seq,arr_date_seq,failure,failure_comment,ENA_accession_number_sample,source_mat_id
EMOBON-210701-330-SoSOP3-Meio-R1,EMOBON mimarks-specimen sediment sample from station BPNS collected on 2021-07-01 community collected meio,https://www.ncbi.nlm.nih.gov/taxonomy/browser/wwwtax.cgi?id=33208,Metazoa,mimarks-specimen,sediment [ENVO:00002007],2021-07-01,BPNS_So_210701,Lara Macheriotou,https://orcid.org/0000-0002-5662-5689,ebb_tide,meio,,1,NA,0.32,23.09,Van Veen Grab,SoSOP3,NA,2021-07-01,"UGent MarBiol Freezer #11, Box#65",-20,Lara Macheriotou,https://orcid.org/0000-0002-5662-5689,Annelien Rigaux,NA,false,340,2021-12-01,2021-12-03,-20,2022-07-18,2023-07-18,,,,EMOBON_BPNSSo1
EMOBON-210701-330-SoSOP3-Meio-R2,EMOBON mimarks-specimen sediment sample from station BPNS collected on 2021-07-01 community collected meio,https://www.ncbi.nlm.nih.gov/taxonomy/browser/wwwtax.cgi?id=33208,Metazoa,mimarks-specimen,sediment [ENVO:00002007],2021-07-01,BPNS_So_210701,Lara Macheriotou,https://orcid.org/0000-0002-5662-5689,ebb_tide,meio,,2,NA,0.32,23.09,Van Veen Grab,SoSOP3,NA,2021-07-01,"UGent MarBiol Freezer #11, Box#65",-20,Lara Macheriotou,https://orcid.org/0000-0002-5662-5689,Annelien Rigaux,NA,false,470,2021-12-01,2021-12-03,-20,2022-07-18,2023-07-18,,,,EMOBON_BPNSSo2
EMOBON-210701-330-SoSOP3-Meio-R3,EMOBON mimarks-specimen sediment sample from station BPNS collected on 2021-07-01 community collected meio,https://www.ncbi.nlm.nih.gov/taxonomy/browser/wwwtax.cgi?id=33208,Metazoa,mimarks-specimen,sediment [ENVO:00002007],2021-07-01,BPNS_So_210701,Lara Macheriotou,https://orcid.org/0000-0002-5662-5689,ebb_tide,meio,,3,NA,0.32,23.09,Van Veen Grab,SoSOP3,NA,2021-07-01,"UGent MarBiol Freezer #11, Box#65",-20,Lara Macheriotou,https://orcid.org/0000-0002-5662-5689,Annelien Rigaux,NA,true,405,NA,NA,NA,NA,NA,NA,NA,NA,EMOBON_BPNSSo3
EMOBON-210701-330-SoSOP3-Meio-R4,EMOBON mimarks-specimen sediment sample from station BPNS collected on 2021-07-01 community collected meio,https://www.ncbi.nlm.nih.gov/taxonomy/browser/wwwtax.cgi?id=33208,Metazoa,mimarks-specimen,sediment [ENVO:00002007],2021-07-01,BPNS_So_210701,Lara Macheriotou,https://orcid.org/0000-0002-5662-5689,ebb_tide,meio,,4,NA,0.32,23.09,Van Veen Grab,SoSOP3,NA,2021-07-01,"UGent MarBiol Freezer #11, Box#65",-20,Lara Macheriotou,https://orcid.org/0000-0002-5662-5689,Annelien Rigaux,NA,true,300,NA,NA,NA,NA,NA,NA,NA,NA,EMOBON_BPNSSo4
EMOBON-210726-330-SoSOP3-Micro-R1,EMOBON metagenome sediment sample from station BPNS collected on 2021-07-26 community collected micro,https://www.ncbi.nlm.nih.gov/taxonomy/browser/wwwtax.cgi?id=412755,marine sediment metagenome,metagenome,sediment [ENVO:00002007],2021-07-26,BPNS_So_210726,Jonas Mortelmans,https://orcid.org/0000-0002-8781-7915,flood_tide,micro,,1,NA,NA,22.94,Van Veen Grab,SoSOP3,NA,2021-07-26,MSO LifeWatch Lab -80 Freezer,-80,Jonas Mortelmans,https://orcid.org/0000-0002-8781-7915,NA,NA,false,NA,2021-10-05,2021-10-08,-70,2021-11-24,2021-11-24,false,NA,,EMOBON_BPNSSo5
EMOBON-210726-330-SoSOP3-Micro-R2,EMOBON metagenome sediment sample from station BPNS collected on 2021-07-26 community collected micro,https://www.ncbi.nlm.nih.gov/taxonomy/browser/wwwtax.cgi?id=412755,marine sediment metagenome,metagenome,sediment [ENVO:00002007],2021-07-26,BPNS_So_210726,Jonas Mortelmans,https://orcid.org/0000-0002-8781-7915,flood_tide,micro,,2,NA,NA,22.94,Van Veen Grab,SoSOP3,NA,2021-07-26,MSO LifeWatch Lab -80 Freezer,-80,Jonas Mortelmans,https://orcid.org/0000-0002-8781-7915,NA,NA,false,NA,2021-10-05,2021-10-08,-70,2021-11-24,2021-11-24,false,NA,,EMOBON_BPNSSo6
EMOBON-210726-330-SoSOP3-Micro-R3,EMOBON metagenome sediment sample from station BPNS collected on 2021-07-26 community collected micro,https://www.ncbi.nlm.nih.gov/taxonomy/browser/wwwtax.cgi?id=412755,marine sediment metagenome,metagenome,sediment [ENVO:00002007],2021-07-26,BPNS_So_210726,Jonas Mortelmans,https://orcid.org/0000-0002-8781-7915,flood_tide,micro,,3,NA,NA,22.94,Van Veen Grab,SoSOP3,NA,2021-07-26,MSO LifeWatch Lab -80 Freezer,-80,Jonas Mortelmans,https://orcid.org/0000-0002-8781-7915,NA,NA,true,NA,NA,NA,NA,NA,NA,NA,NA,NA,EMOBON_BPNSSo7
EMOBON-210726-330-SoSOP3-Micro-R4,EMOBON metagenome sediment sample from station BPNS collected on 2021-07-26 community collected micro,https://www.ncbi.nlm.nih.gov/taxonomy/browser/wwwtax.cgi?id=412755,marine sediment metagenome,metagenome,sediment [ENVO:00002007],2021-07-26,BPNS_So_210726,Jonas Mortelmans,https://orcid.org/0000-0002-8781-7915,flood_tide,micro,,4,NA,NA,22.94,Van Veen Grab,SoSOP3,NA,2021-07-26,MSO LifeWatch Lab -80 Freezer,-80,Jonas Mortelmans,https://orcid.org/0000-0002-8781-7915,NA,NA,true,NA,NA,NA,NA,NA,NA,NA,NA,NA,EMOBON_BPNSSo8
EMOBON-210726-330-SoSOP3-Micro-B1,EMOBON metagenome sediment sample from station BPNS collected on 2021-07-26 community collected micro,https://www.ncbi.nlm.nih.gov/taxonomy/browser/wwwtax.cgi?id=256318,metagenome,metagenome,sediment [ENVO:00002007],2021-07-26,BPNS_So_210726,Jonas Mortelmans,https://orcid.org/0000-0002-8781-7915,flood_tide,micro,,blank_1,NA,NA,22.94,Van Veen Grab,SoSOP3,NA,2021-07-26,MSO LifeWatch Lab -80 Freezer,-80,Jonas Mortelmans,https://orcid.org/0000-0002-8781-7915,NA,NA,false,NA,NA,NA,NA,NA,NA,NA,NA,NA,EMOBON_BPNSSo9
EMOBON-210726-330-SoSOP3-Micro-B2,EMOBON metagenome sediment sample from station BPNS collected on 2021-07-26 community collected micro,https://www.ncbi.nlm.nih.gov/taxonomy/browser/wwwtax.cgi?id=256318,metagenome,metagenome,sediment [ENVO:00002007],2021-07-26,BPNS_So_210726,Jonas Mortelmans,https://orcid.org/0000-0002-8781-7915,flood_tide,micro,,blank_2,NA,NA,22.94,Van Veen Grab,SoSOP3,NA,2021-07-26,MSO LifeWatch Lab -80 Freezer,-80,Jonas Mortelmans,https://orcid.org/0000-0002-8781-7915,NA,NA,false,NA,NA,NA,NA,NA,NA,NA,NA,NA,EMOBON_BPNSSo10
EMOBON-210825-330-SoSOP3-Micro-R1,EMOBON metagenome sediment sample from station BPNS collected on 2021-08-25 community collected micro,https://www.ncbi.nlm.nih.gov/taxonomy/browser/wwwtax.cgi?id=412755,marine sediment metagenome,metagenome,sediment [ENVO:00002007],2021-08-25,BPNS_So_210825,Sander Delacauw,https://orcid.org/0000-0002-5400-2891,ebb_tide,micro,,1,NA,NA,20.54,Van Veen Grab,SoSOP3,Tube broke,NA,NA,NA,NA,NA,NA,NA,NA,NA,NA,NA,NA,NA,NA,true,tube broke,NA,EMOBON_BPNSSo11
EMOBON-210825-330-SoSOP3-Micro-R2,EMOBON metagenome sediment sample from station BPNS collected on 2021-08-25 community collected micro,https://www.ncbi.nlm.nih.gov/taxonomy/browser/wwwtax.cgi?id=412755,marine sediment metagenome,metagenome,sediment [ENVO:00002007],2021-08-25,BPNS_So_210825,Sander Delacauw,https://orcid.org/0000-0002-5400-2891,ebb_tide,micro,,2,NA,NA,20.54,Van Veen Grab,SoSOP3,NA,2021-08-25,MSO LifeWatch Lab -80 Freezer,-80,Sander Delacauw,https://orcid.org/0000-0002-5400-2891,Rune Lagaisse,https://orcid.org/0000-0001-9191-9140,false,NA,2021-10-05,2021-10-08,-70,2021-11-24,2021-11-24,true,low yields; seq library prep failed,,EMOBON_BPNSSo12
EMOBON-210825-330-SoSOP3-Micro-R3,EMOBON metagenome sediment sample from station BPNS collected on 2021-08-25 community collected micro,https://www.ncbi.nlm.nih.gov/taxonomy/browser/wwwtax.cgi?id=412755,marine sediment metagenome,metagenome,sediment [ENVO:00002007],2021-08-25,BPNS_So_210825,Sander Delacauw,https://orcid.org/0000-0002-5400-2891,ebb_tide,micro,,3,NA,NA,20.54,Van Veen Grab,SoSOP3,NA,2021-08-25,MSO LifeWatch Lab -80 Freezer,-80,Sander Delacauw,https://orcid.org/0000-0002-5400-2891,Rune Lagaisse,https://orcid.org/0000-0001-9191-9140,true,NA,2021-10-05,2021-10-08,-70,2021-11-24,2021-11-24,false,NA,,EMOBON_BPNSSo13
EMOBON-210825-330-SoSOP3-Micro-R4,EMOBON metagenome sediment sample from station BPNS collected on 2021-08-25 community collected micro,https://www.ncbi.nlm.nih.gov/taxonomy/browser/wwwtax.cgi?id=412755,marine sediment metagenome,metagenome,sediment [ENVO:00002007],2021-08-25,BPNS_So_210825,Sander Delacauw,https://orcid.org/0000-0002-5400-2891,ebb_tide,micro,,4,NA,NA,20.54,Van Veen Grab,SoSOP3,NA,2021-08-25,MSO LifeWatch Lab -80 Freezer,-80,Sander Delacauw,https://orcid.org/0000-0002-5400-2891,Rune Lagaisse,https://orcid.org/0000-0001-9191-9140,true,NA,NA,NA,NA,NA,NA,NA,NA,NA,EMOBON_BPNSSo14
EMOBON-210825-330-SoSOP3-Micro-B1,EMOBON metagenome sediment sample from station BPNS collected on 2021-08-25 community collected micro,https://www.ncbi.nlm.nih.gov/taxonomy/browser/wwwtax.cgi?id=256318,metagenome,metagenome,sediment [ENVO:00002007],2021-08-25,BPNS_So_210825,Sander Delacauw,https://orcid.org/0000-0002-5400-2891,ebb_tide,micro,,blank_1,NA,NA,20.54,Van Veen Grab,SoSOP3,NA,2021-08-25,MSO LifeWatch Lab -80 Freezer,-80,Sander Delacauw,https://orcid.org/0000-0002-5400-2891,Rune Lagaisse,https://orcid.org/0000-0001-9191-9140,false,NA,NA,NA,NA,NA,NA,NA,NA,NA,EMOBON_BPNSSo15
EMOBON-210825-330-SoSOP3-Micro-B2,EMOBON metagenome sediment sample from station BPNS collected on 2021-08-25 community collected micro,https://www.ncbi.nlm.nih.gov/taxonomy/browser/wwwtax.cgi?id=256318,metagenome,metagenome,sediment [ENVO:00002007],2021-08-25,BPNS_So_210825,Sander Delacauw,https://orcid.org/0000-0002-5400-2891,ebb_tide,micro,,blank_2,NA,NA,20.54,Van Veen Grab,SoSOP3,NA,2021-08-25,MSO LifeWatch Lab -80 Freezer,-80,Sander Delacauw,https://orcid.org/0000-0002-5400-2891,Rune Lagaisse,https://orcid.org/0000-0001-9191-9140,false,NA,NA,NA,NA,NA,NA,NA,NA,NA,EMOBON_BPNSSo16
EMOBON-211028-BPNS-So3-Micro-R1,EMOBON metagenome sediment sample from station BPNS collected on 2021-10-28 community collected micro,https://www.ncbi.nlm.nih.gov/taxonomy/browser/wwwtax.cgi?id=412755,marine sediment metagenome,metagenome,sediment [ENVO:00002007],2021-10-28,BPNS_So_211028,Sander Delacauw,https://orcid.org/0000-0002-5400-2891,ebb_tide,micro,,1,NA,NA,18.66,Van Veen Grab,SoSOP3,NA,2021-10-28,MSO LifeWatch Lab -80 Freezer,-80,Sander Delacauw,https://orcid.org/0000-0002-5400-2891,Rune Lagaisse,https://orcid.org/0000-0001-9191-9140,false,NA,2022-01-10,2022-01-18,-70,2022-02-22,2022-02-23,false,NA,,EMOBON_BPNSSo17
EMOBON-211028-BPNS-So3-Micro-R2,EMOBON metagenome sediment sample from station BPNS collected on 2021-10-28 community collected micro,https://www.ncbi.nlm.nih.gov/taxonomy/browser/wwwtax.cgi?id=412755,marine sediment metagenome,metagenome,sediment [ENVO:00002007],2021-10-28,BPNS_So_211028,Sander Delacauw,https://orcid.org/0000-0002-5400-2891,ebb_tide,micro,,2,NA,NA,18.66,Van Veen Grab,SoSOP3,NA,2021-10-28,MSO LifeWatch Lab -80 Freezer,-80,Sander Delacauw,https://orcid.org/0000-0002-5400-2891,Rune Lagaisse,https://orcid.org/0000-0001-9191-9140,false,NA,2022-01-10,2022-01-18,-70,2022-02-22,2022-02-23,false,NA,,EMOBON_BPNSSo18
EMOBON-211028-BPNS-So3-Micro-R3,EMOBON metagenome sediment sample from station BPNS collected on 2021-10-28 community collected micro,https://www.ncbi.nlm.nih.gov/taxonomy/browser/wwwtax.cgi?id=412755,marine sediment metagenome,metagenome,sediment [ENVO:00002007],2021-10-28,BPNS_So_211028,Sander Delacauw,https://orcid.org/0000-0002-5400-2891,ebb_tide,micro,,3,NA,NA,18.66,Van Veen Grab,SoSOP3,NA,2021-10-28,MSO LifeWatch Lab -80 Freezer,-80,Sander Delacauw,https://orcid.org/0000-0002-5400-2891,Rune Lagaisse,https://orcid.org/0000-0001-9191-9140,true,NA,NA,NA,NA,NA,NA,NA,NA,NA,EMOBON_BPNSSo19
EMOBON-211028-BPNS-So3-Micro-R4,EMOBON metagenome sediment sample from station BPNS collected on 2021-10-28 community collected micro,https://www.ncbi.nlm.nih.gov/taxonomy/browser/wwwtax.cgi?id=412755,marine sediment metagenome,metagenome,sediment [ENVO:00002007],2021-10-28,BPNS_So_211028,Sander Delacauw,https://orcid.org/0000-0002-5400-2891,ebb_tide,micro,,4,NA,NA,18.66,Van Veen Grab,SoSOP3,NA,2021-10-28,MSO LifeWatch Lab -80 Freezer,-80,Sander Delacauw,https://orcid.org/0000-0002-5400-2891,Rune Lagaisse,https://orcid.org/0000-0001-9191-9140,true,NA,NA,NA,NA,NA,NA,NA,NA,NA,EMOBON_BPNSSo20
EMOBON-211028-BPNS-So3-Micro-B1,EMOBON metagenome sediment sample from station BPNS collected on 2021-10-28 community collected micro,https://www.ncbi.nlm.nih.gov/taxonomy/browser/wwwtax.cgi?id=256318,metagenome,metagenome,sediment [ENVO:00002007],2021-10-28,BPNS_So_211028,Sander Delacauw,https://orcid.org/0000-0002-5400-2891,ebb_tide,micro,,blank_1,NA,NA,18.66,Van Veen Grab,SoSOP3,NA,2021-10-28,MSO LifeWatch Lab -80 Freezer,-80,Sander Delacauw,https://orcid.org/0000-0002-5400-2891,Rune Lagaisse,https://orcid.org/0000-0001-9191-9140,false,NA,NA,NA,NA,NA,NA,NA,NA,NA,EMOBON_BPNSSo21
EMOBON-211028-BPNS-So3-Micro-B2,EMOBON metagenome sediment sample from station BPNS collected on 2021-10-28 community collected micro,https://www.ncbi.nlm.nih.gov/taxonomy/browser/wwwtax.cgi?id=256318,metagenome,metagenome,sediment [ENVO:00002007],2021-10-28,BPNS_So_211028,Sander Delacauw,https://orcid.org/0000-0002-5400-2891,ebb_tide,micro,,blank_2,NA,NA,18.66,Van Veen Grab,SoSOP3,NA,2021-10-28,MSO LifeWatch Lab -80 Freezer,-80,Sander Delacauw,https://orcid.org/0000-0002-5400-2891,Rune Lagaisse,https://orcid.org/0000-0001-9191-9140,false,NA,NA,NA,NA,NA,NA,NA,NA,NA,EMOBON_BPNSSo22
EMOBON-211028-BPNS-So3-Macro-R1,EMOBON mimarks-specimen sediment sample from station BPNS collected on 2021-10-28 community collected macro,https://www.ncbi.nlm.nih.gov/taxonomy/browser/wwwtax.cgi?id=33208,Metazoa,mimarks-specimen,sediment [ENVO:00002007],2021-10-28,BPNS_So_211028,Sander Delacauw,https://orcid.org/0000-0002-5400-2891,ebb_tide,macro,,1,NA,NA,19.42,Van Veen Grab,SoSOP3,NA,2021-10-28,MSO LifeWatch Lab -20 Freezer 3,-20,Sander Delacauw,https://orcid.org/0000-0002-5400-2891,Rune Lagaisse,https://orcid.org/0000-0001-9191-9140,false,NA,2022-01-10,2022-01-18,4,2023-10-17,2023-10-17,,,,EMOBON_BPNSSo23
EMOBON-211028-BPNS-So3-Macro-R2,EMOBON mimarks-specimen sediment sample from station BPNS collected on 2021-10-28 community collected macro,https://www.ncbi.nlm.nih.gov/taxonomy/browser/wwwtax.cgi?id=33208,Metazoa,mimarks-specimen,sediment [ENVO:00002007],2021-10-28,BPNS_So_211028,Sander Delacauw,https://orcid.org/0000-0002-5400-2891,ebb_tide,macro,,2,NA,NA,19.42,Van Veen Grab,SoSOP3,NA,2021-10-28,MSO LifeWatch Lab -20 Freezer 3,-20,Sander Delacauw,https://orcid.org/0000-0002-5400-2891,Rune Lagaisse,https://orcid.org/0000-0001-9191-9140,false,NA,2022-01-10,2022-01-18,4,2023-10-17,2023-10-17,,,,EMOBON_BPNSSo24
EMOBON-211028-BPNS-So3-Macro-R3,EMOBON mimarks-specimen sediment sample from station BPNS collected on 2021-10-28 community collected macro,https://www.ncbi.nlm.nih.gov/taxonomy/browser/wwwtax.cgi?id=33208,Metazoa,mimarks-specimen,sediment [ENVO:00002007],2021-10-28,BPNS_So_211028,Sander Delacauw,https://orcid.org/0000-0002-5400-2891,ebb_tide,macro,,3,NA,NA,19.42,Van Veen Grab,SoSOP3,NA,2021-10-28,MSO LifeWatch Lab -20 Freezer 3,-20,Sander Delacauw,https://orcid.org/0000-0002-5400-2891,Rune Lagaisse,https://orcid.org/0000-0001-9191-9140,true,NA,NA,NA,NA,NA,NA,NA,NA,NA,EMOBON_BPNSSo25
EMOBON-211028-BPNS-So3-Macro-R4,EMOBON mimarks-specimen sediment sample from station BPNS collected on 2021-10-28 community collected macro,https://www.ncbi.nlm.nih.gov/taxonomy/browser/wwwtax.cgi?id=33208,Metazoa,mimarks-specimen,sediment [ENVO:00002007],2021-10-28,BPNS_So_211028,Sander Delacauw,https://orcid.org/0000-0002-5400-2891,ebb_tide,macro,,4,NA,NA,19.42,Van Veen Grab,SoSOP3,NA,2021-10-28,MSO LifeWatch Lab -20 Freezer 3,-20,Sander Delacauw,https://orcid.org/0000-0002-5400-2891,Rune Lagaisse,https://orcid.org/0000-0001-9191-9140,true,NA,NA,NA,NA,NA,NA,NA,NA,NA,EMOBON_BPNSSo26
EMOBON-211028-BPNS-So3-Macro-B,EMOBON mimarks-specimen sediment sample from station BPNS collected on 2021-10-28 community collected macro,https://www.ncbi.nlm.nih.gov/taxonomy/browser/wwwtax.cgi?id=256318,metagenome,mimarks-specimen,sediment [ENVO:00002007],2021-10-28,BPNS_So_211028,Sander Delacauw,https://orcid.org/0000-0002-5400-2891,ebb_tide,macro,,blank_1,NA,NA,19.42,Van Veen Grab,SoSOP3,NA,2021-10-28,MSO LifeWatch Lab -20 Freezer 3,-20,Sander Delacauw,https://orcid.org/0000-0002-5400-2891,Rune Lagaisse,https://orcid.org/0000-0001-9191-9140,false,NA,NA,NA,NA,NA,NA,NA,NA,NA,EMOBON_BPNSSo27
EMOBON-211028-BPNS-SoSOP3-Meio-R1,EMOBON mimarks-specimen sediment sample from station BPNS collected on 2021-10-28 community collected meio,https://www.ncbi.nlm.nih.gov/taxonomy/browser/wwwtax.cgi?id=33208,Metazoa,mimarks-specimen,sediment [ENVO:00002007],2021-10-28,BPNS_So_211028,Lara Macheriotou,https://orcid.org/0000-0002-5662-5689,ebb_tide,meio,,1,NA,0.32,19.42,Van Veen Grab,SoSOP3,NA,2021-10-28,"UGent MarBiol Freezer #11, Box#65",-20,Lara Macheriotou,https://orcid.org/0000-0002-5662-5689,Annelien Rigaux,NA,false,170,2021-12-01,2021-12-03,-20,2022-07-18,2023-07-18,,,,EMOBON_BPNSSo28
EMOBON-211028-BPNS-SoSOP3-Meio-R2,EMOBON mimarks-specimen sediment sample from station BPNS collected on 2021-10-28 community collected meio,https://www.ncbi.nlm.nih.gov/taxonomy/browser/wwwtax.cgi?id=33208,Metazoa,mimarks-specimen,sediment [ENVO:00002007],2021-10-28,BPNS_So_211028,Lara Macheriotou,https://orcid.org/0000-0002-5662-5689,ebb_tide,meio,,2,NA,0.32,19.42,Van Veen Grab,SoSOP3,NA,2021-10-28,"UGent MarBiol Freezer #11, Box#65",-20,Lara Macheriotou,https://orcid.org/0000-0002-5662-5689,Annelien Rigaux,NA,false,272,2021-12-01,2021-12-03,-20,2022-07-18,2023-07-18,,,,EMOBON_BPNSSo29
EMOBON-211028-BPNS-SoSOP3-Meio-R3,EMOBON mimarks-specimen sediment sample from station BPNS collected on 2021-10-28 community collected meio,https://www.ncbi.nlm.nih.gov/taxonomy/browser/wwwtax.cgi?id=33208,Metazoa,mimarks-specimen,sediment [ENVO:00002007],2021-10-28,BPNS_So_211028,Lara Macheriotou,https://orcid.org/0000-0002-5662-5689,ebb_tide,meio,,3,NA,0.32,19.42,Van Veen Grab,SoSOP3,NA,2021-10-28,"UGent MarBiol Freezer #11, Box#65",-20,Lara Macheriotou,https://orcid.org/0000-0002-5662-5689,Annelien Rigaux,NA,true,334,NA,NA,NA,NA,NA,NA,NA,NA,EMOBON_BPNSSo30
EMOBON-211028-BPNS-SoSOP3-Meio-R4,EMOBON mimarks-specimen sediment sample from station BPNS collected on 2021-10-28 community collected meio,https://www.ncbi.nlm.nih.gov/taxonomy/browser/wwwtax.cgi?id=33208,Metazoa,mimarks-specimen,sediment [ENVO:00002007],2021-10-28,BPNS_So_211028,Lara Macheriotou,https://orcid.org/0000-0002-5662-5689,ebb_tide,meio,,4,NA,0.32,19.42,Van Veen Grab,SoSOP3,NA,2021-10-28,"UGent MarBiol Freezer #11, Box#65",-20,Lara Macheriotou,https://orcid.org/0000-0002-5662-5689,Annelien Rigaux,NA,true,228,NA,NA,NA,NA,NA,NA,NA,NA,EMOBON_BPNSSo31
EMOBON-211028-BPNS-SoSOP3-Meio-B,EMOBON mimarks-specimen sediment sample from station BPNS collected on 2021-10-28 community collected meio,https://www.ncbi.nlm.nih.gov/taxonomy/browser/wwwtax.cgi?id=256318,metagenome,mimarks-specimen,sediment [ENVO:00002007],2021-10-28,BPNS_So_211028,Lara Macheriotou,https://orcid.org/0000-0002-5662-5689,ebb_tide,meio,,blank_1,NA,0.32,19.42,Van Veen Grab,SoSOP3,NA,2021-10-28,"UGent MarBiol Freezer #11, Box#65",-20,Lara Macheriotou,https://orcid.org/0000-0002-5662-5689,Annelien Rigaux,NA,false,NA,2021-12-01,2021-12-03,-20,2022-07-18,2023-07-18,,,,EMOBON_BPNSSo32
EMOBON-211223-BPNS-So3-Micro-R1,EMOBON metagenome sediment sample from station BPNS collected on 2021-12-23 community collected micro,https://www.ncbi.nlm.nih.gov/taxonomy/browser/wwwtax.cgi?id=412755,marine sediment metagenome,metagenome,sediment [ENVO:00002007],2021-12-23,BPNS_So_211223,Rune Lagaisse,https://orcid.org/0000-0001-9191-9140,ebb_tide,micro,,1,NA,NA,21.2,Van Veen Grab,SoSOP3,Problem with underway data,2021-12-23,MSO LifeWatch Lab -80 Freezer,-80,Sander Delacauw,https://orcid.org/0000-0002-5400-2891,Rune Lagaisse,https://orcid.org/0000-0001-9191-9140,false,NA,2022-01-10,2022-01-18,-70,2022-02-22,2022-02-23,false,NA,,EMOBON_BPNSSo33
EMOBON-211223-BPNS-So3-Micro-R2,EMOBON metagenome sediment sample from station BPNS collected on 2021-12-23 community collected micro,https://www.ncbi.nlm.nih.gov/taxonomy/browser/wwwtax.cgi?id=412755,marine sediment metagenome,metagenome,sediment [ENVO:00002007],2021-12-23,BPNS_So_211223,Rune Lagaisse,https://orcid.org/0000-0001-9191-9140,ebb_tide,micro,,2,NA,NA,21.2,Van Veen Grab,SoSOP3,Problem with underway data,2021-12-23,MSO LifeWatch Lab -80 Freezer,-80,Sander Delacauw,https://orcid.org/0000-0002-5400-2891,Rune Lagaisse,https://orcid.org/0000-0001-9191-9140,false,NA,2022-01-10,2022-01-18,-70,2022-02-22,2022-02-23,false,NA,,EMOBON_BPNSSo34
EMOBON-211223-BPNS-So3-Micro-R3,EMOBON metagenome sediment sample from station BPNS collected on 2021-12-23 community collected micro,https://www.ncbi.nlm.nih.gov/taxonomy/browser/wwwtax.cgi?id=412755,marine sediment metagenome,metagenome,sediment [ENVO:00002007],2021-12-23,BPNS_So_211223,Rune Lagaisse,https://orcid.org/0000-0001-9191-9140,ebb_tide,micro,,3,NA,NA,21.2,Van Veen Grab,SoSOP3,Problem with underway data,2021-12-23,MSO LifeWatch Lab -80 Freezer,-80,Sander Delacauw,https://orcid.org/0000-0002-5400-2891,Rune Lagaisse,https://orcid.org/0000-0001-9191-9140,true,NA,NA,NA,NA,NA,NA,NA,NA,NA,EMOBON_BPNSSo35
EMOBON-211223-BPNS-So3-Micro-R4,EMOBON metagenome sediment sample from station BPNS collected on 2021-12-23 community collected micro,https://www.ncbi.nlm.nih.gov/taxonomy/browser/wwwtax.cgi?id=412755,marine sediment metagenome,metagenome,sediment [ENVO:00002007],2021-12-23,BPNS_So_211223,Rune Lagaisse,https://orcid.org/0000-0001-9191-9140,ebb_tide,micro,,4,NA,NA,21.2,Van Veen Grab,SoSOP3,Problem with underway data,2021-12-23,MSO LifeWatch Lab -80 Freezer,-80,Sander Delacauw,https://orcid.org/0000-0002-5400-2891,Rune Lagaisse,https://orcid.org/0000-0001-9191-9140,true,NA,NA,NA,NA,NA,NA,NA,NA,NA,EMOBON_BPNSSo36
EMOBON-211223-BPNS-So3-Micro-B1,EMOBON metagenome sediment sample from station BPNS collected on 2021-12-23 community collected micro,https://www.ncbi.nlm.nih.gov/taxonomy/browser/wwwtax.cgi?id=256318,metagenome,metagenome,sediment [ENVO:00002007],2021-12-23,BPNS_So_211223,Rune Lagaisse,https://orcid.org/0000-0001-9191-9140,ebb_tide,micro,,blank_1,NA,NA,21.2,Van Veen Grab,SoSOP3,Problem with underway data,2021-12-23,MSO LifeWatch Lab -80 Freezer,-80,Sander Delacauw,https://orcid.org/0000-0002-5400-2891,Rune Lagaisse,https://orcid.org/0000-0001-9191-9140,false,NA,NA,NA,NA,NA,NA,NA,NA,NA,EMOBON_BPNSSo37
EMOBON-211223-BPNS-So3-Micro-B2,EMOBON metagenome sediment sample from station BPNS collected on 2021-12-23 community collected micro,https://www.ncbi.nlm.nih.gov/taxonomy/browser/wwwtax.cgi?id=256318,metagenome,metagenome,sediment [ENVO:00002007],2021-12-23,BPNS_So_211223,Rune Lagaisse,https://orcid.org/0000-0001-9191-9140,ebb_tide,micro,,blank_2,NA,NA,21.2,Van Veen Grab,SoSOP3,Problem with underway data,2021-12-23,MSO LifeWatch Lab -80 Freezer,-80,Sander Delacauw,https://orcid.org/0000-0002-5400-2891,Rune Lagaisse,https://orcid.org/0000-0001-9191-9140,false,NA,NA,NA,NA,NA,NA,NA,NA,NA,EMOBON_BPNSSo38
EMOBON-220322-BPNS-So3-Micro-R1,EMOBON metagenome sediment sample from station BPNS collected on 2022-03-22 community collected micro,https://www.ncbi.nlm.nih.gov/taxonomy/browser/wwwtax.cgi?id=412755,marine sediment metagenome,metagenome,sediment [ENVO:00002007],2022-03-22,BPNS_So_220322,Rune Lagaisse,https://orcid.org/0000-0001-9191-9140,ebb_tide,micro,,1,NA,NA,20,Van Veen Grab,SoSOP3,Problem with underway data,2022-03-23,MSO LifeWatch Lab -80 Freezer,-80,Rune Lagaisse,https://orcid.org/0000-0001-9191-9140,NA,NA,false,NA,2022-09-26,2022-09-30,-70,2023-07-18,2023-07-18,,,,EMOBON_BPNSSo39
EMOBON-220322-BPNS-So3-Micro-R2,EMOBON metagenome sediment sample from station BPNS collected on 2022-03-22 community collected micro,https://www.ncbi.nlm.nih.gov/taxonomy/browser/wwwtax.cgi?id=412755,marine sediment metagenome,metagenome,sediment [ENVO:00002007],2022-03-22,BPNS_So_220322,Rune Lagaisse,https://orcid.org/0000-0001-9191-9140,ebb_tide,micro,,2,NA,NA,20,Van Veen Grab,SoSOP3,Problem with underway data,2022-03-23,MSO LifeWatch Lab -80 Freezer,-80,Rune Lagaisse,https://orcid.org/0000-0001-9191-9140,NA,NA,false,NA,2022-09-26,2022-09-30,-70,2023-07-18,2023-07-18,,,,EMOBON_BPNSSo40
EMOBON-220322-BPNS-So3-Micro-R3,EMOBON metagenome sediment sample from station BPNS collected on 2022-03-22 community collected micro,https://www.ncbi.nlm.nih.gov/taxonomy/browser/wwwtax.cgi?id=412755,marine sediment metagenome,metagenome,sediment [ENVO:00002007],2022-03-22,BPNS_So_220322,Rune Lagaisse,https://orcid.org/0000-0001-9191-9140,ebb_tide,micro,,3,NA,NA,20,Van Veen Grab,SoSOP3,Problem with underway data,2022-03-23,MSO LifeWatch Lab -80 Freezer,-80,Rune Lagaisse,https://orcid.org/0000-0001-9191-9140,NA,NA,true,NA,NA,NA,NA,NA,NA,NA,NA,NA,EMOBON_BPNSSo41
EMOBON-220322-BPNS-So3-Micro-R4,EMOBON metagenome sediment sample from station BPNS collected on 2022-03-22 community collected micro,https://www.ncbi.nlm.nih.gov/taxonomy/browser/wwwtax.cgi?id=412755,marine sediment metagenome,metagenome,sediment [ENVO:00002007],2022-03-22,BPNS_So_220322,Rune Lagaisse,https://orcid.org/0000-0001-9191-9140,ebb_tide,micro,,4,NA,NA,20,Van Veen Grab,SoSOP3,"Tube broke, Problem with underway data",NA,NA,NA,NA,NA,NA,NA,NA,NA,NA,NA,NA,NA,NA,NA,NA,NA,EMOBON_BPNSSo42
EMOBON-220322-BPNS-So3-Micro-B1,EMOBON metagenome sediment sample from station BPNS collected on 2022-03-22 community collected micro,https://www.ncbi.nlm.nih.gov/taxonomy/browser/wwwtax.cgi?id=256318,metagenome,metagenome,sediment [ENVO:00002007],2022-03-22,BPNS_So_220322,Rune Lagaisse,https://orcid.org/0000-0001-9191-9140,ebb_tide,micro,,blank_1,NA,NA,20,Van Veen Grab,SoSOP3,Problem with underway data,2022-03-23,MSO LifeWatch Lab -80 Freezer,-80,Rune Lagaisse,https://orcid.org/0000-0001-9191-9140,NA,NA,false,NA,NA,NA,NA,NA,NA,NA,NA,NA,EMOBON_BPNSSo43
EMOBON-220322-BPNS-So3-Micro-B2,EMOBON metagenome sediment sample from station BPNS collected on 2022-03-22 community collected micro,https://www.ncbi.nlm.nih.gov/taxonomy/browser/wwwtax.cgi?id=256318,metagenome,metagenome,sediment [ENVO:00002007],2022-03-22,BPNS_So_220322,Rune Lagaisse,https://orcid.org/0000-0001-9191-9140,ebb_tide,micro,,blank_2,NA,NA,20,Van Veen Grab,SoSOP3,Problem with underway data,2022-03-23,MSO LifeWatch Lab -80 Freezer,-80,Rune Lagaisse,https://orcid.org/0000-0001-9191-9140,NA,NA,false,NA,NA,NA,NA,NA,NA,NA,NA,NA,EMOBON_BPNSSo44
EMOBON-220420-BPNS-So3-Micro-R1,EMOBON metagenome sediment sample from station BPNS collected on 2022-04-20 community collected micro,https://www.ncbi.nlm.nih.gov/taxonomy/browser/wwwtax.cgi?id=412755,marine sediment metagenome,metagenome,sediment [ENVO:00002007],2022-04-20,BPNS_So_220420,Annelien Rigaux,NA,ebb_tide,micro,,1,NA,NA,20,Van Veen Grab,SoSOP3,Problem with underway data,2022-04-21,MSO LifeWatch Lab -80 Freezer,-80,Rune Lagaisse,https://orcid.org/0000-0001-9191-9140,NA,NA,false,NA,2022-09-26,2022-09-30,-70,2023-07-18,2023-07-18,,,,EMOBON_BPNSSo45
EMOBON-220420-BPNS-So3-Micro-R2,EMOBON metagenome sediment sample from station BPNS collected on 2022-04-20 community collected micro,https://www.ncbi.nlm.nih.gov/taxonomy/browser/wwwtax.cgi?id=412755,marine sediment metagenome,metagenome,sediment [ENVO:00002007],2022-04-20,BPNS_So_220420,Annelien Rigaux,NA,ebb_tide,micro,,2,NA,NA,20,Van Veen Grab,SoSOP3,Problem with underway data,2022-04-21,MSO LifeWatch Lab -80 Freezer,-80,Rune Lagaisse,https://orcid.org/0000-0001-9191-9140,NA,NA,false,NA,2022-09-26,2022-09-30,-70,2023-07-18,2023-07-18,,,,EMOBON_BPNSSo46
EMOBON-220420-BPNS-So3-Micro-R3,EMOBON metagenome sediment sample from station BPNS collected on 2022-04-20 community collected micro,https://www.ncbi.nlm.nih.gov/taxonomy/browser/wwwtax.cgi?id=412755,marine sediment metagenome,metagenome,sediment [ENVO:00002007],2022-04-20,BPNS_So_220420,Annelien Rigaux,NA,ebb_tide,micro,,3,NA,NA,20,Van Veen Grab,SoSOP3,Problem with underway data,2022-04-21,MSO LifeWatch Lab -80 Freezer,-80,Rune Lagaisse,https://orcid.org/0000-0001-9191-9140,NA,NA,true,NA,NA,NA,NA,NA,NA,NA,NA,NA,EMOBON_BPNSSo47
EMOBON-220420-BPNS-So3-Micro-R4,EMOBON metagenome sediment sample from station BPNS collected on 2022-04-20 community collected micro,https://www.ncbi.nlm.nih.gov/taxonomy/browser/wwwtax.cgi?id=412755,marine sediment metagenome,metagenome,sediment [ENVO:00002007],2022-04-20,BPNS_So_220420,Annelien Rigaux,NA,ebb_tide,micro,,4,NA,NA,20,Van Veen Grab,SoSOP3,Problem with underway data,2022-04-21,MSO LifeWatch Lab -80 Freezer,-80,Rune Lagaisse,https://orcid.org/0000-0001-9191-9140,NA,NA,true,NA,NA,NA,NA,NA,NA,NA,NA,NA,EMOBON_BPNSSo48
EMOBON-220420-BPNS-So3-Micro-B1,EMOBON metagenome sediment sample from station BPNS collected on 2022-04-20 community collected micro,https://www.ncbi.nlm.nih.gov/taxonomy/browser/wwwtax.cgi?id=256318,metagenome,metagenome,sediment [ENVO:00002007],2022-04-20,BPNS_So_220420,Annelien Rigaux,NA,ebb_tide,micro,,blank_1,NA,NA,20,Van Veen Grab,SoSOP3,Problem with underway data,2022-04-21,MSO LifeWatch Lab -80 Freezer,-80,Rune Lagaisse,https://orcid.org/0000-0001-9191-9140,NA,NA,false,NA,NA,NA,NA,NA,NA,NA,NA,NA,EMOBON_BPNSSo49
EMOBON-220420-BPNS-So3-Micro-B2,EMOBON metagenome sediment sample from station BPNS collected on 2022-04-20 community collected micro,https://www.ncbi.nlm.nih.gov/taxonomy/browser/wwwtax.cgi?id=256318,metagenome,metagenome,sediment [ENVO:00002007],2022-04-20,BPNS_So_220420,Annelien Rigaux,NA,ebb_tide,micro,,blank_2,NA,NA,20,Van Veen Grab,SoSOP3,Problem with underway data,2022-04-21,MSO LifeWatch Lab -80 Freezer,-80,Rune Lagaisse,https://orcid.org/0000-0001-9191-9140,NA,NA,false,NA,NA,NA,NA,NA,NA,NA,NA,NA,EMOBON_BPNSSo50
EMOBON-220420-BPNS-So3-Macro-R1,EMOBON mimarks-specimen sediment sample from station BPNS collected on 2022-04-20 community collected macro,https://www.ncbi.nlm.nih.gov/taxonomy/browser/wwwtax.cgi?id=33208,Metazoa,mimarks-specimen,sediment [ENVO:00002007],2022-04-20,BPNS_So_220420,Annelien Rigaux,NA,ebb_tide,macro,,1,NA,NA,20,Van Veen Grab,SoSOP3,Problem with underway data,2022-04-21,MSO LifeWatch Lab -20 Freezer 3,-20,Rune Lagaisse,https://orcid.org/0000-0001-9191-9140,NA,NA,false,NA,2022-09-26,2022-09-30,4,2023-06-01,2023-06-01,,,,EMOBON_BPNSSo51
EMOBON-220420-BPNS-So3-Macro-R2,EMOBON mimarks-specimen sediment sample from station BPNS collected on 2022-04-20 community collected macro,https://www.ncbi.nlm.nih.gov/taxonomy/browser/wwwtax.cgi?id=33208,Metazoa,mimarks-specimen,sediment [ENVO:00002007],2022-04-20,BPNS_So_220420,Annelien Rigaux,NA,ebb_tide,macro,,2,NA,NA,20,Van Veen Grab,SoSOP3,Problem with underway data,2022-04-21,MSO LifeWatch Lab -20 Freezer 3,-20,Rune Lagaisse,https://orcid.org/0000-0001-9191-9140,NA,NA,false,NA,2022-09-26,2022-09-30,4,2023-10-17,2023-10-17,,,,EMOBON_BPNSSo52
EMOBON-220420-BPNS-So3-Macro-R3,EMOBON mimarks-specimen sediment sample from station BPNS collected on 2022-04-20 community collected macro,https://www.ncbi.nlm.nih.gov/taxonomy/browser/wwwtax.cgi?id=33208,Metazoa,mimarks-specimen,sediment [ENVO:00002007],2022-04-20,BPNS_So_220420,Annelien Rigaux,NA,ebb_tide,macro,,3,NA,NA,20,Van Veen Grab,SoSOP3,Problem with underway data,2022-04-21,MSO LifeWatch Lab -20 Freezer 3,-20,Rune Lagaisse,https://orcid.org/0000-0001-9191-9140,NA,NA,true,NA,NA,NA,NA,NA,NA,NA,NA,NA,EMOBON_BPNSSo53
EMOBON-220420-BPNS-So3-Macro-R4,EMOBON mimarks-specimen sediment sample from station BPNS collected on 2022-04-20 community collected macro,https://www.ncbi.nlm.nih.gov/taxonomy/browser/wwwtax.cgi?id=33208,Metazoa,mimarks-specimen,sediment [ENVO:00002007],2022-04-20,BPNS_So_220420,Annelien Rigaux,NA,ebb_tide,macro,,4,NA,NA,20,Van Veen Grab,SoSOP3,Problem with underway data,2022-04-21,MSO LifeWatch Lab -20 Freezer 3,-20,Rune Lagaisse,https://orcid.org/0000-0001-9191-9140,NA,NA,true,NA,NA,NA,NA,NA,NA,NA,NA,NA,EMOBON_BPNSSo54
EMOBON-220420-BPNS-So3-Macro-B,EMOBON mimarks-specimen sediment sample from station BPNS collected on 2022-04-20 community collected macro,https://www.ncbi.nlm.nih.gov/taxonomy/browser/wwwtax.cgi?id=256318,metagenome,mimarks-specimen,sediment [ENVO:00002007],2022-04-20,BPNS_So_220420,Annelien Rigaux,NA,ebb_tide,macro,,blank_1,NA,NA,20,Van Veen Grab,SoSOP3,Problem with underway data,2022-04-21,MSO LifeWatch Lab -20 Freezer 3,-20,Rune Lagaisse,https://orcid.org/0000-0001-9191-9140,NA,NA,false,NA,NA,NA,NA,NA,NA,NA,NA,NA,EMOBON_BPNSSo55
EMOBON-220420-BPNS-SoSOP3-Meio-R1,EMOBON mimarks-specimen sediment sample from station BPNS collected on 2022-04-20 community collected meio,https://www.ncbi.nlm.nih.gov/taxonomy/browser/wwwtax.cgi?id=33208,Metazoa,mimarks-specimen,sediment [ENVO:00002007],2022-04-20,BPNS_So_220420,Annelien Rigaux,NA,ebb_tide,meio,,1,NA,0.32,20,Van Veen Grab,SoSOP3,Problem with underway data,2022-04-28,"UGent MarBiol Freezer #11, Box#65",-20,Annelien Rigaux,NA,Lara Macheriotou,https://orcid.org/0000-0002-5662-5689,false,639.4,2022-10-03,2022-10-05,-20,2022-11-15,2022-11-16,,,,EMOBON_BPNSSo56
EMOBON-220420-BPNS-SoSOP3-Meio-R2,EMOBON mimarks-specimen sediment sample from station BPNS collected on 2022-04-20 community collected meio,https://www.ncbi.nlm.nih.gov/taxonomy/browser/wwwtax.cgi?id=33208,Metazoa,mimarks-specimen,sediment [ENVO:00002007],2022-04-20,BPNS_So_220420,Annelien Rigaux,NA,ebb_tide,meio,,2,NA,0.32,20,Van Veen Grab,SoSOP3,Problem with underway data,2022-04-28,"UGent MarBiol Freezer #11, Box#65",-20,Annelien Rigaux,NA,Lara Macheriotou,https://orcid.org/0000-0002-5662-5689,false,627.8,2022-10-03,2022-10-05,-20,2022-11-15,2022-11-16,,,,EMOBON_BPNSSo57
EMOBON-220420-BPNS-SoSOP3-Meio-R3,EMOBON mimarks-specimen sediment sample from station BPNS collected on 2022-04-20 community collected meio,https://www.ncbi.nlm.nih.gov/taxonomy/browser/wwwtax.cgi?id=33208,Metazoa,mimarks-specimen,sediment [ENVO:00002007],2022-04-20,BPNS_So_220420,Annelien Rigaux,NA,ebb_tide,meio,,3,NA,0.32,20,Van Veen Grab,SoSOP3,Problem with underway data,2022-04-28,"UGent MarBiol Freezer #11, Box#65",-20,Annelien Rigaux,NA,Lara Macheriotou,https://orcid.org/0000-0002-5662-5689,true,598.6,NA,NA,NA,NA,NA,NA,NA,NA,EMOBON_BPNSSo58
EMOBON-220420-BPNS-SoSOP3-Meio-R4,EMOBON mimarks-specimen sediment sample from station BPNS collected on 2022-04-20 community collected meio,https://www.ncbi.nlm.nih.gov/taxonomy/browser/wwwtax.cgi?id=33208,Metazoa,mimarks-specimen,sediment [ENVO:00002007],2022-04-20,BPNS_So_220420,Annelien Rigaux,NA,ebb_tide,meio,,4,NA,0.32,20,Van Veen Grab,SoSOP3,Problem with underway data,2022-04-28,"UGent MarBiol Freezer #11, Box#65",-20,Annelien Rigaux,NA,Lara Macheriotou,https://orcid.org/0000-0002-5662-5689,true,650,NA,NA,NA,NA,NA,NA,NA,NA,EMOBON_BPNSSo59
EMOBON-220420-BPNS-SoSOP3-Meio-B,EMOBON mimarks-specimen sediment sample from station BPNS collected on 2022-04-20 community collected meio,https://www.ncbi.nlm.nih.gov/taxonomy/browser/wwwtax.cgi?id=256318,metagenome,mimarks-specimen,sediment [ENVO:00002007],2022-04-20,BPNS_So_220420,Annelien Rigaux,NA,ebb_tide,meio,,blank_1,NA,0.32,20,Van Veen Grab,SoSOP3,Problem with underway data,2022-04-28,"UGent MarBiol Freezer #11, Box#65",-20,Annelien Rigaux,NA,Lara Macheriotou,https://orcid.org/0000-0002-5662-5689,false,NA,NA,NA,NA,NA,NA,NA,NA,NA,EMOBON_BPNSSo60
EMOBON-220601-BPNS-So3-Micro-R1,EMOBON metagenome sediment sample from station BPNS collected on 2022-06-01 community collected micro,https://www.ncbi.nlm.nih.gov/taxonomy/browser/wwwtax.cgi?id=412755,marine sediment metagenome,metagenome,sediment [ENVO:00002007],2022-06-01,BPNS_So_220601,Rune Lagaisse,https://orcid.org/0000-0001-9191-9140,flood_tide,micro,,1,NA,NA,20.3,Van Veen Grab,SoSOP3,NA,2022-06-01,MSO LifeWatch Lab -80 Freezer,-80,Rune Lagaisse,https://orcid.org/0000-0001-9191-9140,NA,NA,false,NA,2022-09-26,2022-09-30,-70,2023-07-18,2023-07-18,,,,EMOBON_BPNSSo61
EMOBON-220601-BPNS-So3-Micro-R2,EMOBON metagenome sediment sample from station BPNS collected on 2022-06-01 community collected micro,https://www.ncbi.nlm.nih.gov/taxonomy/browser/wwwtax.cgi?id=412755,marine sediment metagenome,metagenome,sediment [ENVO:00002007],2022-06-01,BPNS_So_220601,Rune Lagaisse,https://orcid.org/0000-0001-9191-9140,flood_tide,micro,,2,NA,NA,20.3,Van Veen Grab,SoSOP3,NA,2022-06-01,MSO LifeWatch Lab -80 Freezer,-80,Rune Lagaisse,https://orcid.org/0000-0001-9191-9140,NA,NA,false,NA,2022-09-26,2022-09-30,-70,2023-07-18,2023-07-18,,,,EMOBON_BPNSSo62
EMOBON-220601-BPNS-So3-Micro-R3,EMOBON metagenome sediment sample from station BPNS collected on 2022-06-01 community collected micro,https://www.ncbi.nlm.nih.gov/taxonomy/browser/wwwtax.cgi?id=412755,marine sediment metagenome,metagenome,sediment [ENVO:00002007],2022-06-01,BPNS_So_220601,Rune Lagaisse,https://orcid.org/0000-0001-9191-9140,flood_tide,micro,,3,NA,NA,20.3,Van Veen Grab,SoSOP3,NA,2022-06-01,MSO LifeWatch Lab -80 Freezer,-80,Rune Lagaisse,https://orcid.org/0000-0001-9191-9140,NA,NA,true,NA,NA,NA,NA,NA,NA,NA,NA,NA,EMOBON_BPNSSo63
EMOBON-220601-BPNS-So3-Micro-R4,EMOBON metagenome sediment sample from station BPNS collected on 2022-06-01 community collected micro,https://www.ncbi.nlm.nih.gov/taxonomy/browser/wwwtax.cgi?id=412755,marine sediment metagenome,metagenome,sediment [ENVO:00002007],2022-06-01,BPNS_So_220601,Rune Lagaisse,https://orcid.org/0000-0001-9191-9140,flood_tide,micro,,4,NA,NA,20.3,Van Veen Grab,SoSOP3,NA,2022-06-01,MSO LifeWatch Lab -80 Freezer,-80,Rune Lagaisse,https://orcid.org/0000-0001-9191-9140,NA,NA,true,NA,NA,NA,NA,NA,NA,NA,NA,NA,EMOBON_BPNSSo64
EMOBON-220601-BPNS-So3-Micro-B1,EMOBON metagenome sediment sample from station BPNS collected on 2022-06-01 community collected micro,https://www.ncbi.nlm.nih.gov/taxonomy/browser/wwwtax.cgi?id=256318,metagenome,metagenome,sediment [ENVO:00002007],2022-06-01,BPNS_So_220601,Rune Lagaisse,https://orcid.org/0000-0001-9191-9140,flood_tide,micro,,blank_1,NA,NA,20.3,Van Veen Grab,SoSOP3,NA,2022-06-01,MSO LifeWatch Lab -80 Freezer,-80,Rune Lagaisse,https://orcid.org/0000-0001-9191-9140,NA,NA,false,NA,NA,NA,NA,NA,NA,NA,NA,NA,EMOBON_BPNSSo65
EMOBON-220601-BPNS-So3-Micro-B2,EMOBON metagenome sediment sample from station BPNS collected on 2022-06-01 community collected micro,https://www.ncbi.nlm.nih.gov/taxonomy/browser/wwwtax.cgi?id=256318,metagenome,metagenome,sediment [ENVO:00002007],2022-06-01,BPNS_So_220601,Rune Lagaisse,https://orcid.org/0000-0001-9191-9140,flood_tide,micro,,blank_2,NA,NA,20.3,Van Veen Grab,SoSOP3,NA,2022-06-01,MSO LifeWatch Lab -80 Freezer,-80,Rune Lagaisse,https://orcid.org/0000-0001-9191-9140,NA,NA,false,NA,NA,NA,NA,NA,NA,NA,NA,NA,EMOBON_BPNSSo66
EMOBON-220601-BPNS-SoSOP3-Meio-R1,EMOBON mimarks-specimen sediment sample from station BPNS collected on 2022-06-01 community collected meio,https://www.ncbi.nlm.nih.gov/taxonomy/browser/wwwtax.cgi?id=33208,Metazoa,mimarks-specimen,sediment [ENVO:00002007],2022-06-01,BPNS_So_220601,Lara Macheriotou,https://orcid.org/0000-0002-5662-5689,flood_tide,meio,,1,NA,0.32,20.3,Van Veen Grab,SoSOP3,NA,2022-06-01,"UGent MarBiol Freezer #11, Box#65",-20,Lara Macheriotou,https://orcid.org/0000-0002-5662-5689,NA,NA,false,302.5,2022-10-03,2022-10-05,-20,2022-11-15,2022-11-16,,,,EMOBON_BPNSSo67
EMOBON-220601-BPNS-SoSOP3-Meio-R2,EMOBON mimarks-specimen sediment sample from station BPNS collected on 2022-06-01 community collected meio,https://www.ncbi.nlm.nih.gov/taxonomy/browser/wwwtax.cgi?id=33208,Metazoa,mimarks-specimen,sediment [ENVO:00002007],2022-06-01,BPNS_So_220601,Lara Macheriotou,https://orcid.org/0000-0002-5662-5689,flood_tide,meio,,2,NA,0.32,20.3,Van Veen Grab,SoSOP3,NA,2022-06-01,"UGent MarBiol Freezer #11, Box#66",-20,Lara Macheriotou,https://orcid.org/0000-0002-5662-5689,NA,NA,false,248.9,2022-10-03,2022-10-05,-20,2022-11-15,2022-11-16,,,,EMOBON_BPNSSo68
EMOBON-220601-BPNS-SoSOP3-Meio-R3,EMOBON mimarks-specimen sediment sample from station BPNS collected on 2022-06-01 community collected meio,https://www.ncbi.nlm.nih.gov/taxonomy/browser/wwwtax.cgi?id=33208,Metazoa,mimarks-specimen,sediment [ENVO:00002007],2022-06-01,BPNS_So_220601,Lara Macheriotou,https://orcid.org/0000-0002-5662-5689,flood_tide,meio,,3,NA,0.32,20.3,Van Veen Grab,SoSOP3,NA,2022-06-01,"UGent MarBiol Freezer #11, Box#67",-20,Lara Macheriotou,https://orcid.org/0000-0002-5662-5689,NA,NA,true,282.7,NA,NA,NA,NA,NA,NA,NA,NA,EMOBON_BPNSSo69
EMOBON-220601-BPNS-SoSOP3-Meio-R4,EMOBON mimarks-specimen sediment sample from station BPNS collected on 2022-06-01 community collected meio,https://www.ncbi.nlm.nih.gov/taxonomy/browser/wwwtax.cgi?id=33208,Metazoa,mimarks-specimen,sediment [ENVO:00002007],2022-06-01,BPNS_So_220601,Lara Macheriotou,https://orcid.org/0000-0002-5662-5689,flood_tide,meio,,4,NA,0.32,20.3,Van Veen Grab,SoSOP3,NA,2022-06-01,"UGent MarBiol Freezer #11, Box#68",-20,Lara Macheriotou,https://orcid.org/0000-0002-5662-5689,NA,NA,true,329.4,NA,NA,NA,NA,NA,NA,NA,NA,EMOBON_BPNSSo70
EMOBON-220601-BPNS-SoSOP3-Meio-B,EMOBON mimarks-specimen sediment sample from station BPNS collected on 2022-06-01 community collected meio,https://www.ncbi.nlm.nih.gov/taxonomy/browser/wwwtax.cgi?id=256318,metagenome,mimarks-specimen,sediment [ENVO:00002007],2022-06-01,BPNS_So_220601,Lara Macheriotou,https://orcid.org/0000-0002-5662-5689,flood_tide,meio,,blank_1,NA,0.32,20.3,Van Veen Grab,SoSOP3,NA,2022-06-01,"UGent MarBiol Freezer #11, Box#69",-20,Lara Macheriotou,https://orcid.org/0000-0002-5662-5689,NA,NA,false,NA,NA,NA,NA,NA,NA,NA,NA,NA,EMOBON_BPNSSo71
EMOBON-220819-BPNS-So3-Micro-R1,EMOBON metagenome sediment sample from station BPNS collected on 2022-08-19 community collected micro,https://www.ncbi.nlm.nih.gov/taxonomy/browser/wwwtax.cgi?id=412755,marine sediment metagenome,metagenome,sediment [ENVO:00002007],2022-08-19,BPNS_So_220819,Rune Lagaisse,https://orcid.org/0000-0001-9191-9140,flood_tide,micro,,1,NA,NA,19.9,Van Veen Grab,SoSOP3,"Winch issues, no Van Veen possible",NA,NA,NA,NA,NA,NA,NA,NA,NA,NA,NA,NA,NA,NA,true,"sampling failed; Winch issues, no Van Veen possible",NA,EMOBON_BPNSSo72
EMOBON-220819-BPNS-So3-Micro-R2,EMOBON metagenome sediment sample from station BPNS collected on 2022-08-19 community collected micro,https://www.ncbi.nlm.nih.gov/taxonomy/browser/wwwtax.cgi?id=412755,marine sediment metagenome,metagenome,sediment [ENVO:00002007],2022-08-19,BPNS_So_220819,Rune Lagaisse,https://orcid.org/0000-0001-9191-9140,flood_tide,micro,,2,NA,NA,19.9,Van Veen Grab,SoSOP3,"Winch issues, no Van Veen possible",NA,NA,NA,NA,NA,NA,NA,NA,NA,NA,NA,NA,NA,NA,true,"sampling failed; Winch issues, no Van Veen possible",NA,EMOBON_BPNSSo73
EMOBON-220819-BPNS-So3-Micro-R3,EMOBON metagenome sediment sample from station BPNS collected on 2022-08-19 community collected micro,https://www.ncbi.nlm.nih.gov/taxonomy/browser/wwwtax.cgi?id=412755,marine sediment metagenome,metagenome,sediment [ENVO:00002007],2022-08-19,BPNS_So_220819,Rune Lagaisse,https://orcid.org/0000-0001-9191-9140,flood_tide,micro,,3,NA,NA,19.9,Van Veen Grab,SoSOP3,"Winch issues, no Van Veen possible",NA,NA,NA,NA,NA,NA,NA,NA,NA,NA,NA,NA,NA,NA,true,"sampling failed; Winch issues, no Van Veen possible",NA,EMOBON_BPNSSo74
EMOBON-220819-BPNS-So3-Micro-R4,EMOBON metagenome sediment sample from station BPNS collected on 2022-08-19 community collected micro,https://www.ncbi.nlm.nih.gov/taxonomy/browser/wwwtax.cgi?id=412755,marine sediment metagenome,metagenome,sediment [ENVO:00002007],2022-08-19,BPNS_So_220819,Rune Lagaisse,https://orcid.org/0000-0001-9191-9140,flood_tide,micro,,4,NA,NA,19.9,Van Veen Grab,SoSOP3,"Winch issues, no Van Veen possible",NA,NA,NA,NA,NA,NA,NA,NA,NA,NA,NA,NA,NA,NA,true,"sampling failed; Winch issues, no Van Veen possible",NA,EMOBON_BPNSSo75
EMOBON-220819-BPNS-So3-Micro-B1,EMOBON metagenome sediment sample from station BPNS collected on 2022-08-19 community collected micro,https://www.ncbi.nlm.nih.gov/taxonomy/browser/wwwtax.cgi?id=256318,metagenome,metagenome,sediment [ENVO:00002007],2022-08-19,BPNS_So_220819,Rune Lagaisse,https://orcid.org/0000-0001-9191-9140,flood_tide,micro,,blank_1,NA,NA,19.9,Van Veen Grab,SoSOP3,"Winch issues, no Van Veen possible",NA,NA,NA,NA,NA,NA,NA,NA,NA,NA,NA,NA,NA,NA,true,"sampling failed; Winch issues, no Van Veen possible",NA,EMOBON_BPNSSo76
EMOBON-220819-BPNS-So3-Micro-B2,EMOBON metagenome sediment sample from station BPNS collected on 2022-08-19 community collected micro,https://www.ncbi.nlm.nih.gov/taxonomy/browser/wwwtax.cgi?id=256318,metagenome,metagenome,sediment [ENVO:00002007],2022-08-19,BPNS_So_220819,Rune Lagaisse,https://orcid.org/0000-0001-9191-9140,flood_tide,micro,,blank_2,NA,NA,19.9,Van Veen Grab,SoSOP3,"Winch issues, no Van Veen possible",NA,NA,NA,NA,NA,NA,NA,NA,NA,NA,NA,NA,NA,NA,true,"sampling failed; Winch issues, no Van Veen possible",NA,EMOBON_BPNSSo77
EMOBON-221027-BPNS-So3-Micro-R1,EMOBON metagenome sediment sample from station BPNS collected on 2022-10-27 community collected micro,https://www.ncbi.nlm.nih.gov/taxonomy/browser/wwwtax.cgi?id=412755,marine sediment metagenome,metagenome,sediment [ENVO:00002007],2022-10-27,BPNS_So_221027,Rune Lagaisse,https://orcid.org/0000-0001-9191-9140,Expected 2024-12-31,micro,,1,NA,NA,20,Van Veen Grab,SoSOP3,Problem with underway data,2022-10-27,MSO LifeWatch Lab -80 Freezer,-80,Rune Lagaisse,https://orcid.org/0000-0001-9191-9140,NA,NA,false,NA,2023-06-13,2023-06-19,-70,,,,,,EMOBON_BPNSSo78
EMOBON-221027-BPNS-So3-Micro-R2,EMOBON metagenome sediment sample from station BPNS collected on 2022-10-27 community collected micro,https://www.ncbi.nlm.nih.gov/taxonomy/browser/wwwtax.cgi?id=412755,marine sediment metagenome,metagenome,sediment [ENVO:00002007],2022-10-27,BPNS_So_221027,Rune Lagaisse,https://orcid.org/0000-0001-9191-9140,Expected 2024-12-31,micro,,2,NA,NA,20,Van Veen Grab,SoSOP3,Problem with underway data,2022-10-27,MSO LifeWatch Lab -80 Freezer,-80,Rune Lagaisse,https://orcid.org/0000-0001-9191-9140,NA,NA,false,NA,2023-06-13,2023-06-19,-70,,,,,,EMOBON_BPNSSo79
EMOBON-221027-BPNS-So3-Micro-R3,EMOBON metagenome sediment sample from station BPNS collected on 2022-10-27 community collected micro,https://www.ncbi.nlm.nih.gov/taxonomy/browser/wwwtax.cgi?id=412755,marine sediment metagenome,metagenome,sediment [ENVO:00002007],2022-10-27,BPNS_So_221027,Rune Lagaisse,https://orcid.org/0000-0001-9191-9140,Expected 2024-12-31,micro,,3,NA,NA,20,Van Veen Grab,SoSOP3,Problem with underway data,2022-10-27,MSO LifeWatch Lab -80 Freezer,-80,Rune Lagaisse,https://orcid.org/0000-0001-9191-9140,NA,NA,true,NA,NA,NA,NA,NA,NA,NA,NA,NA,EMOBON_BPNSSo80
EMOBON-221027-BPNS-So3-Micro-R4,EMOBON metagenome sediment sample from station BPNS collected on 2022-10-27 community collected micro,https://www.ncbi.nlm.nih.gov/taxonomy/browser/wwwtax.cgi?id=412755,marine sediment metagenome,metagenome,sediment [ENVO:00002007],2022-10-27,BPNS_So_221027,Rune Lagaisse,https://orcid.org/0000-0001-9191-9140,Expected 2024-12-31,micro,,4,NA,NA,20,Van Veen Grab,SoSOP3,Problem with underway data,2022-10-27,MSO LifeWatch Lab -80 Freezer,-80,Rune Lagaisse,https://orcid.org/0000-0001-9191-9140,NA,NA,true,NA,NA,NA,NA,NA,NA,NA,NA,NA,EMOBON_BPNSSo81
EMOBON-221027-BPNS-So3-Micro-B1,EMOBON metagenome sediment sample from station BPNS collected on 2022-10-27 community collected micro,https://www.ncbi.nlm.nih.gov/taxonomy/browser/wwwtax.cgi?id=256318,metagenome,metagenome,sediment [ENVO:00002007],2022-10-27,BPNS_So_221027,Rune Lagaisse,https://orcid.org/0000-0001-9191-9140,Expected 2024-12-31,micro,,blank_1,NA,NA,20,Van Veen Grab,SoSOP3,Problem with underway data,2022-10-27,MSO LifeWatch Lab -80 Freezer,-80,Rune Lagaisse,https://orcid.org/0000-0001-9191-9140,NA,NA,false,NA,NA,NA,NA,NA,NA,NA,NA,NA,EMOBON_BPNSSo82
EMOBON-221027-BPNS-So3-Micro-B2,EMOBON metagenome sediment sample from station BPNS collected on 2022-10-27 community collected micro,https://www.ncbi.nlm.nih.gov/taxonomy/browser/wwwtax.cgi?id=256318,metagenome,metagenome,sediment [ENVO:00002007],2022-10-27,BPNS_So_221027,Rune Lagaisse,https://orcid.org/0000-0001-9191-9140,Expected 2024-12-31,micro,,blank_2,NA,NA,20,Van Veen Grab,SoSOP3,Problem with underway data,2022-10-27,MSO LifeWatch Lab -80 Freezer,-80,Rune Lagaisse,https://orcid.org/0000-0001-9191-9140,NA,NA,false,NA,NA,NA,NA,NA,NA,NA,NA,NA,EMOBON_BPNSSo83
EMOBON-221027-BPNS-So3-Macro-R1,EMOBON mimarks-specimen sediment sample from station BPNS collected on 2022-10-27 community collected macro,https://www.ncbi.nlm.nih.gov/taxonomy/browser/wwwtax.cgi?id=33208,Metazoa,mimarks-specimen,sediment [ENVO:00002007],2022-10-27,BPNS_So_221027,Rune Lagaisse,https://orcid.org/0000-0001-9191-9140,Expected 2024-12-31,macro,,1,NA,NA,20,Van Veen Grab,SoSOP3,Problem with underway data,2022-10-27,MSO LifeWatch Lab -20 Freezer 3,-20,Rune Lagaisse,https://orcid.org/0000-0001-9191-9140,NA,NA,false,NA,2023-09-11,2023-09-14,4,,,,,,EMOBON_BPNSSo84
EMOBON-221027-BPNS-So3-Macro-R2,EMOBON mimarks-specimen sediment sample from station BPNS collected on 2022-10-27 community collected macro,https://www.ncbi.nlm.nih.gov/taxonomy/browser/wwwtax.cgi?id=33208,Metazoa,mimarks-specimen,sediment [ENVO:00002007],2022-10-27,BPNS_So_221027,Rune Lagaisse,https://orcid.org/0000-0001-9191-9140,Expected 2024-12-31,macro,,2,NA,NA,20,Van Veen Grab,SoSOP3,Problem with underway data,2022-10-27,MSO LifeWatch Lab -20 Freezer 3,-20,Rune Lagaisse,https://orcid.org/0000-0001-9191-9140,NA,NA,false,NA,2023-09-11,2023-09-14,4,,,,,,EMOBON_BPNSSo85
EMOBON-221027-BPNS-So3-Macro-R3,EMOBON mimarks-specimen sediment sample from station BPNS collected on 2022-10-27 community collected macro,https://www.ncbi.nlm.nih.gov/taxonomy/browser/wwwtax.cgi?id=33208,Metazoa,mimarks-specimen,sediment [ENVO:00002007],2022-10-27,BPNS_So_221027,Rune Lagaisse,https://orcid.org/0000-0001-9191-9140,Expected 2024-12-31,macro,,3,NA,NA,20,Van Veen Grab,SoSOP3,Problem with underway data,2022-10-27,MSO LifeWatch Lab -20 Freezer 3,-20,Rune Lagaisse,https://orcid.org/0000-0001-9191-9140,NA,NA,true,NA,NA,NA,NA,NA,NA,NA,NA,NA,EMOBON_BPNSSo86
EMOBON-221027-BPNS-So3-Macro-R4,EMOBON mimarks-specimen sediment sample from station BPNS collected on 2022-10-27 community collected macro,https://www.ncbi.nlm.nih.gov/taxonomy/browser/wwwtax.cgi?id=33208,Metazoa,mimarks-specimen,sediment [ENVO:00002007],2022-10-27,BPNS_So_221027,Rune Lagaisse,https://orcid.org/0000-0001-9191-9140,Expected 2024-12-31,macro,,4,NA,NA,20,Van Veen Grab,SoSOP3,Problem with underway data,2022-10-27,MSO LifeWatch Lab -20 Freezer 3,-20,Rune Lagaisse,https://orcid.org/0000-0001-9191-9140,NA,NA,true,NA,NA,NA,NA,NA,NA,NA,NA,NA,EMOBON_BPNSSo87
EMOBON-221027-BPNS-So3-Macro-B,EMOBON mimarks-specimen sediment sample from station BPNS collected on 2022-10-27 community collected macro,https://www.ncbi.nlm.nih.gov/taxonomy/browser/wwwtax.cgi?id=256318,metagenome,mimarks-specimen,sediment [ENVO:00002007],2022-10-27,BPNS_So_221027,Rune Lagaisse,https://orcid.org/0000-0001-9191-9140,Expected 2024-12-31,macro,,blank_1,NA,NA,20,Van Veen Grab,SoSOP3,Problem with underway data,2022-10-27,MSO LifeWatch Lab -20 Freezer 3,-20,Rune Lagaisse,https://orcid.org/0000-0001-9191-9140,NA,NA,false,NA,NA,NA,NA,NA,NA,NA,NA,NA,EMOBON_BPNSSo88
EMOBON-221027-BPNS-SoSOP3-Meio-R1,EMOBON mimarks-specimen sediment sample from station BPNS collected on 2022-10-27 community collected meio,https://www.ncbi.nlm.nih.gov/taxonomy/browser/wwwtax.cgi?id=33208,Metazoa,mimarks-specimen,sediment [ENVO:00002007],2022-10-27,BPNS_So_221027,Rune Lagaisse,https://orcid.org/0000-0001-9191-9140,Expected 2024-12-31,meio,,1,NA,0.32,20,Van Veen Grab,SoSOP3,Problem with underway data,2022-10-27,"UGent MarBiol Freezer #11, Box#61",-20,Annelien Rigaux,NA,Lara Macheriotou,https://orcid.org/0000-0002-5662-5689,false,NA,2023-10-03,2023-10-09,4,,,,,,EMOBON_BPNSSo89
EMOBON-221027-BPNS-SoSOP3-Meio-R2,EMOBON mimarks-specimen sediment sample from station BPNS collected on 2022-10-27 community collected meio,https://www.ncbi.nlm.nih.gov/taxonomy/browser/wwwtax.cgi?id=33208,Metazoa,mimarks-specimen,sediment [ENVO:00002007],2022-10-27,BPNS_So_221027,Rune Lagaisse,https://orcid.org/0000-0001-9191-9140,Expected 2024-12-31,meio,,2,NA,0.32,20,Van Veen Grab,SoSOP3,Problem with underway data,2022-10-27,"UGent MarBiol Freezer #11, Box#61",-20,Annelien Rigaux,NA,Lara Macheriotou,https://orcid.org/0000-0002-5662-5689,false,NA,2023-10-03,2023-10-09,4,,,,,,EMOBON_BPNSSo90
EMOBON-221027-BPNS-SoSOP3-Meio-R3,EMOBON mimarks-specimen sediment sample from station BPNS collected on 2022-10-27 community collected meio,https://www.ncbi.nlm.nih.gov/taxonomy/browser/wwwtax.cgi?id=33208,Metazoa,mimarks-specimen,sediment [ENVO:00002007],2022-10-27,BPNS_So_221027,Rune Lagaisse,https://orcid.org/0000-0001-9191-9140,Expected 2024-12-31,meio,,3,NA,0.32,20,Van Veen Grab,SoSOP3,Problem with underway data,2022-10-27,"UGent MarBiol Freezer #11, Box#61",-20,Annelien Rigaux,NA,Lara Macheriotou,https://orcid.org/0000-0002-5662-5689,true,NA,NA,NA,NA,NA,NA,NA,NA,NA,EMOBON_BPNSSo91
EMOBON-221027-BPNS-SoSOP3-Meio-R4,EMOBON mimarks-specimen sediment sample from station BPNS collected on 2022-10-27 community collected meio,https://www.ncbi.nlm.nih.gov/taxonomy/browser/wwwtax.cgi?id=33208,Metazoa,mimarks-specimen,sediment [ENVO:00002007],2022-10-27,BPNS_So_221027,Rune Lagaisse,https://orcid.org/0000-0001-9191-9140,Expected 2024-12-31,meio,,4,NA,0.32,20,Van Veen Grab,SoSOP3,Problem with underway data,2022-10-27,"UGent MarBiol Freezer #11, Box#61",-20,Annelien Rigaux,NA,Lara Macheriotou,https://orcid.org/0000-0002-5662-5689,true,NA,NA,NA,NA,NA,NA,NA,NA,NA,EMOBON_BPNSSo92
EMOBON-221027-BPNS-SoSOP3-Meio-B,EMOBON mimarks-specimen sediment sample from station BPNS collected on 2022-10-27 community collected meio,https://www.ncbi.nlm.nih.gov/taxonomy/browser/wwwtax.cgi?id=256318,metagenome,mimarks-specimen,sediment [ENVO:00002007],2022-10-27,BPNS_So_221027,Rune Lagaisse,https://orcid.org/0000-0001-9191-9140,Expected 2024-12-31,meio,,blank_1,NA,0.32,20,Van Veen Grab,SoSOP3,Problem with underway data,2022-10-27,"UGent MarBiol Freezer #11, Box#61",-20,Annelien Rigaux,NA,Lara Macheriotou,https://orcid.org/0000-0002-5662-5689,false,NA,NA,NA,NA,NA,NA,NA,NA,NA,EMOBON_BPNSSo93
EMOBON-221212-BPNS-So3-Micro-R1,EMOBON metagenome sediment sample from station BPNS collected on 2022-12-12 community collected micro,https://www.ncbi.nlm.nih.gov/taxonomy/browser/wwwtax.cgi?id=412755,marine sediment metagenome,metagenome,sediment [ENVO:00002007],2022-12-12,BPNS_So_221212,Rune Lagaisse,https://orcid.org/0000-0001-9191-9140,Expected 2024-12-31,micro,,1,NA,NA,Expected 2024-12-31,Van Veen Grab,SoSOP3,NA,2022-12-14,MSO LifeWatch Lab -80 Freezer,-80,Rune Lagaisse,https://orcid.org/0000-0001-9191-9140,NA,NA,false,NA,2023-06-13,2023-06-19,-70,,,,,,EMOBON_BPNSSo94
EMOBON-221212-BPNS-So3-Micro-R2,EMOBON metagenome sediment sample from station BPNS collected on 2022-12-12 community collected micro,https://www.ncbi.nlm.nih.gov/taxonomy/browser/wwwtax.cgi?id=412755,marine sediment metagenome,metagenome,sediment [ENVO:00002007],2022-12-12,BPNS_So_221212,Rune Lagaisse,https://orcid.org/0000-0001-9191-9140,Expected 2024-12-31,micro,,2,NA,NA,Expected 2024-12-31,Van Veen Grab,SoSOP3,NA,2022-12-14,MSO LifeWatch Lab -80 Freezer,-80,Rune Lagaisse,https://orcid.org/0000-0001-9191-9140,NA,NA,false,NA,2023-06-13,2023-06-19,-70,,,,,,EMOBON_BPNSSo95
EMOBON-221212-BPNS-So3-Micro-R3,EMOBON metagenome sediment sample from station BPNS collected on 2022-12-12 community collected micro,https://www.ncbi.nlm.nih.gov/taxonomy/browser/wwwtax.cgi?id=412755,marine sediment metagenome,metagenome,sediment [ENVO:00002007],2022-12-12,BPNS_So_221212,Rune Lagaisse,https://orcid.org/0000-0001-9191-9140,Expected 2024-12-31,micro,,3,NA,NA,Expected 2024-12-31,Van Veen Grab,SoSOP3,NA,2022-12-14,MSO LifeWatch Lab -80 Freezer,-80,Rune Lagaisse,https://orcid.org/0000-0001-9191-9140,NA,NA,true,NA,NA,NA,NA,NA,NA,NA,NA,NA,EMOBON_BPNSSo96
EMOBON-221212-BPNS-So3-Micro-R4,EMOBON metagenome sediment sample from station BPNS collected on 2022-12-12 community collected micro,https://www.ncbi.nlm.nih.gov/taxonomy/browser/wwwtax.cgi?id=412755,marine sediment metagenome,metagenome,sediment [ENVO:00002007],2022-12-12,BPNS_So_221212,Rune Lagaisse,https://orcid.org/0000-0001-9191-9140,Expected 2024-12-31,micro,,4,NA,NA,Expected 2024-12-31,Van Veen Grab,SoSOP3,NA,2022-12-14,MSO LifeWatch Lab -80 Freezer,-80,Rune Lagaisse,https://orcid.org/0000-0001-9191-9140,NA,NA,true,NA,NA,NA,NA,NA,NA,NA,NA,NA,EMOBON_BPNSSo97
EMOBON-221212-BPNS-So3-Micro-B1,EMOBON metagenome sediment sample from station BPNS collected on 2022-12-12 community collected micro,https://www.ncbi.nlm.nih.gov/taxonomy/browser/wwwtax.cgi?id=256318,metagenome,metagenome,sediment [ENVO:00002007],2022-12-12,BPNS_So_221212,Rune Lagaisse,https://orcid.org/0000-0001-9191-9140,Expected 2024-12-31,micro,,blank_1,NA,NA,Expected 2024-12-31,Van Veen Grab,SoSOP3,NA,2022-12-14,MSO LifeWatch Lab -80 Freezer,-80,Rune Lagaisse,https://orcid.org/0000-0001-9191-9140,NA,NA,false,NA,NA,NA,NA,NA,NA,NA,NA,NA,EMOBON_BPNSSo98
EMOBON-221212-BPNS-So3-Micro-B2,EMOBON metagenome sediment sample from station BPNS collected on 2022-12-12 community collected micro,https://www.ncbi.nlm.nih.gov/taxonomy/browser/wwwtax.cgi?id=256318,metagenome,metagenome,sediment [ENVO:00002007],2022-12-12,BPNS_So_221212,Rune Lagaisse,https://orcid.org/0000-0001-9191-9140,Expected 2024-12-31,micro,,blank_2,NA,NA,Expected 2024-12-31,Van Veen Grab,SoSOP3,NA,2022-12-14,MSO LifeWatch Lab -80 Freezer,-80,Rune Lagaisse,https://orcid.org/0000-0001-9191-9140,NA,NA,false,NA,NA,NA,NA,NA,NA,NA,NA,NA,EMOBON_BPNSSo99
EMOBON-230216-BPNS-So3-Micro-R1,EMOBON metagenome sediment sample from station BPNS collected on 2023-02-16 community collected micro,https://www.ncbi.nlm.nih.gov/taxonomy/browser/wwwtax.cgi?id=412755,marine sediment metagenome,metagenome,sediment [ENVO:00002007],2023-02-16,BPNS_So_230216,Rune Lagaisse,https://orcid.org/0000-0001-9191-9140,Expected 2024-12-31,micro,,1,NA,NA,Expected 2024-12-31,Van Veen Grab,SoSOP3,NA,2023-02-16,MSO LifeWatch Lab -80 Freezer,-80,Rune Lagaisse,https://orcid.org/0000-0001-9191-9140,NA,NA,false,NA,2023-06-13,2023-06-19,-70,,,,,,EMOBON_BPNSSo100
EMOBON-230216-BPNS-So3-Micro-R2,EMOBON metagenome sediment sample from station BPNS collected on 2023-02-16 community collected micro,https://www.ncbi.nlm.nih.gov/taxonomy/browser/wwwtax.cgi?id=412755,marine sediment metagenome,metagenome,sediment [ENVO:00002007],2023-02-16,BPNS_So_230216,Rune Lagaisse,https://orcid.org/0000-0001-9191-9140,Expected 2024-12-31,micro,,2,NA,NA,Expected 2024-12-31,Van Veen Grab,SoSOP3,NA,2023-02-16,MSO LifeWatch Lab -80 Freezer,-80,Rune Lagaisse,https://orcid.org/0000-0001-9191-9140,NA,NA,false,NA,2023-06-13,2023-06-19,-70,,,,,,EMOBON_BPNSSo101
EMOBON-230216-BPNS-So3-Micro-R3,EMOBON metagenome sediment sample from station BPNS collected on 2023-02-16 community collected micro,https://www.ncbi.nlm.nih.gov/taxonomy/browser/wwwtax.cgi?id=412755,marine sediment metagenome,metagenome,sediment [ENVO:00002007],2023-02-16,BPNS_So_230216,Rune Lagaisse,https://orcid.org/0000-0001-9191-9140,Expected 2024-12-31,micro,,3,NA,NA,Expected 2024-12-31,Van Veen Grab,SoSOP3,NA,2023-02-16,MSO LifeWatch Lab -80 Freezer,-80,Rune Lagaisse,https://orcid.org/0000-0001-9191-9140,NA,NA,true,NA,NA,NA,NA,NA,NA,NA,NA,NA,EMOBON_BPNSSo102
EMOBON-230216-BPNS-So3-Micro-R4,EMOBON metagenome sediment sample from station BPNS collected on 2023-02-16 community collected micro,https://www.ncbi.nlm.nih.gov/taxonomy/browser/wwwtax.cgi?id=412755,marine sediment metagenome,metagenome,sediment [ENVO:00002007],2023-02-16,BPNS_So_230216,Rune Lagaisse,https://orcid.org/0000-0001-9191-9140,Expected 2024-12-31,micro,,4,NA,NA,Expected 2024-12-31,Van Veen Grab,SoSOP3,NA,2023-02-16,MSO LifeWatch Lab -80 Freezer,-80,Rune Lagaisse,https://orcid.org/0000-0001-9191-9140,NA,NA,true,NA,NA,NA,NA,NA,NA,NA,NA,NA,EMOBON_BPNSSo103
EMOBON-230216-BPNS-So3-Micro-B1,EMOBON metagenome sediment sample from station BPNS collected on 2023-02-16 community collected micro,https://www.ncbi.nlm.nih.gov/taxonomy/browser/wwwtax.cgi?id=256318,metagenome,metagenome,sediment [ENVO:00002007],2023-02-16,BPNS_So_230216,Rune Lagaisse,https://orcid.org/0000-0001-9191-9140,Expected 2024-12-31,micro,,blank_1,NA,NA,Expected 2024-12-31,Van Veen Grab,SoSOP3,NA,2023-02-16,MSO LifeWatch Lab -80 Freezer,-80,Rune Lagaisse,https://orcid.org/0000-0001-9191-9140,NA,NA,false,NA,NA,NA,NA,NA,NA,NA,NA,NA,EMOBON_BPNSSo104
EMOBON-230216-BPNS-So3-Micro-B2,EMOBON metagenome sediment sample from station BPNS collected on 2023-02-16 community collected micro,https://www.ncbi.nlm.nih.gov/taxonomy/browser/wwwtax.cgi?id=256318,metagenome,metagenome,sediment [ENVO:00002007],2023-02-16,BPNS_So_230216,Rune Lagaisse,https://orcid.org/0000-0001-9191-9140,Expected 2024-12-31,micro,,blank_2,NA,NA,Expected 2024-12-31,Van Veen Grab,SoSOP3,NA,2023-02-16,MSO LifeWatch Lab -80 Freezer,-80,Rune Lagaisse,https://orcid.org/0000-0001-9191-9140,NA,NA,false,NA,NA,NA,NA,NA,NA,NA,NA,NA,EMOBON_BPNSSo105
EMOBON-230425-BPNS-So3-Micro-R1,EMOBON metagenome sediment sample from station BPNS collected on 2023-04-25 community collected micro,https://www.ncbi.nlm.nih.gov/taxonomy/browser/wwwtax.cgi?id=412755,marine sediment metagenome,metagenome,sediment [ENVO:00002007],2023-04-25,BPNS_So_230425,Rune Lagaisse,https://orcid.org/0000-0001-9191-9140,Expected 2024-12-31,micro,,1,NA,NA,Expected 2024-12-31,Van Veen Grab,SoSOP3,NA,2023-04-27,MSO LifeWatch Lab -80 Freezer,-80,Rune Lagaisse,https://orcid.org/0000-0001-9191-9140,NA,NA,false,NA,2023-06-13,2023-06-19,-70,,,,,,EMOBON_BPNSSo106
EMOBON-230425-BPNS-So3-Micro-R2,EMOBON metagenome sediment sample from station BPNS collected on 2023-04-25 community collected micro,https://www.ncbi.nlm.nih.gov/taxonomy/browser/wwwtax.cgi?id=412755,marine sediment metagenome,metagenome,sediment [ENVO:00002007],2023-04-25,BPNS_So_230425,Rune Lagaisse,https://orcid.org/0000-0001-9191-9140,Expected 2024-12-31,micro,,2,NA,NA,Expected 2024-12-31,Van Veen Grab,SoSOP3,NA,2023-04-27,MSO LifeWatch Lab -80 Freezer,-80,Rune Lagaisse,https://orcid.org/0000-0001-9191-9140,NA,NA,false,NA,2023-06-13,2023-06-19,-70,,,,,,EMOBON_BPNSSo107
EMOBON-230425-BPNS-So3-Micro-R3,EMOBON metagenome sediment sample from station BPNS collected on 2023-04-25 community collected micro,https://www.ncbi.nlm.nih.gov/taxonomy/browser/wwwtax.cgi?id=412755,marine sediment metagenome,metagenome,sediment [ENVO:00002007],2023-04-25,BPNS_So_230425,Rune Lagaisse,https://orcid.org/0000-0001-9191-9140,Expected 2024-12-31,micro,,3,NA,NA,Expected 2024-12-31,Van Veen Grab,SoSOP3,NA,2023-04-27,MSO LifeWatch Lab -80 Freezer,-80,Rune Lagaisse,https://orcid.org/0000-0001-9191-9140,NA,NA,true,NA,NA,NA,NA,NA,NA,NA,NA,NA,EMOBON_BPNSSo108
EMOBON-230425-BPNS-So3-Micro-R4,EMOBON metagenome sediment sample from station BPNS collected on 2023-04-25 community collected micro,https://www.ncbi.nlm.nih.gov/taxonomy/browser/wwwtax.cgi?id=412755,marine sediment metagenome,metagenome,sediment [ENVO:00002007],2023-04-25,BPNS_So_230425,Rune Lagaisse,https://orcid.org/0000-0001-9191-9140,Expected 2024-12-31,micro,,4,NA,NA,Expected 2024-12-31,Van Veen Grab,SoSOP3,NA,2023-04-27,MSO LifeWatch Lab -80 Freezer,-80,Rune Lagaisse,https://orcid.org/0000-0001-9191-9140,NA,NA,true,NA,NA,NA,NA,NA,NA,NA,NA,NA,EMOBON_BPNSSo109
EMOBON-230425-BPNS-So3-Micro-B1,EMOBON metagenome sediment sample from station BPNS collected on 2023-04-25 community collected micro,https://www.ncbi.nlm.nih.gov/taxonomy/browser/wwwtax.cgi?id=256318,metagenome,metagenome,sediment [ENVO:00002007],2023-04-25,BPNS_So_230425,Rune Lagaisse,https://orcid.org/0000-0001-9191-9140,Expected 2024-12-31,micro,,blank_1,NA,NA,Expected 2024-12-31,Van Veen Grab,SoSOP3,NA,2023-04-27,MSO LifeWatch Lab -80 Freezer,-80,Rune Lagaisse,https://orcid.org/0000-0001-9191-9140,NA,NA,false,NA,NA,NA,NA,NA,NA,NA,NA,NA,EMOBON_BPNSSo110
EMOBON-230425-BPNS-So3-Micro-B2,EMOBON metagenome sediment sample from station BPNS collected on 2023-04-25 community collected micro,https://www.ncbi.nlm.nih.gov/taxonomy/browser/wwwtax.cgi?id=256318,metagenome,metagenome,sediment [ENVO:00002007],2023-04-25,BPNS_So_230425,Rune Lagaisse,https://orcid.org/0000-0001-9191-9140,Expected 2024-12-31,micro,,blank_2,NA,NA,Expected 2024-12-31,Van Veen Grab,SoSOP3,NA,2023-04-27,MSO LifeWatch Lab -80 Freezer,-80,Rune Lagaisse,https://orcid.org/0000-0001-9191-9140,NA,NA,false,NA,NA,NA,NA,NA,NA,NA,NA,NA,EMOBON_BPNSSo111
EMOBON-230425-BPNS-So3-Macro-R1,EMOBON mimarks-specimen sediment sample from station BPNS collected on 2023-04-25 community collected macro,https://www.ncbi.nlm.nih.gov/taxonomy/browser/wwwtax.cgi?id=33208,Metazoa,mimarks-specimen,sediment [ENVO:00002007],2023-04-25,BPNS_So_230425,Lara Macheriotou,https://orcid.org/0000-0002-5662-5689,Expected 2024-12-31,macro,,1,NA,NA,Expected 2024-12-31,Van Veen Grab,SoSOP3,NA,2023-04-27,MSO LifeWatch Lab -20 Freezer 3,-20,Rune Lagaisse,https://orcid.org/0000-0001-9191-9140,NA,NA,false,NA,2023-09-11,2023-09-14,4,,,,,,EMOBON_BPNSSo112
EMOBON-230425-BPNS-So3-Macro-R2,EMOBON mimarks-specimen sediment sample from station BPNS collected on 2023-04-25 community collected macro,https://www.ncbi.nlm.nih.gov/taxonomy/browser/wwwtax.cgi?id=33208,Metazoa,mimarks-specimen,sediment [ENVO:00002007],2023-04-25,BPNS_So_230425,Lara Macheriotou,https://orcid.org/0000-0002-5662-5689,Expected 2024-12-31,macro,,2,NA,NA,Expected 2024-12-31,Van Veen Grab,SoSOP3,NA,2023-04-27,MSO LifeWatch Lab -20 Freezer 3,-20,Rune Lagaisse,https://orcid.org/0000-0001-9191-9140,NA,NA,false,NA,2023-09-11,2023-09-14,4,,,,,,EMOBON_BPNSSo113
EMOBON-230425-BPNS-So3-Macro-R3,EMOBON mimarks-specimen sediment sample from station BPNS collected on 2023-04-25 community collected macro,https://www.ncbi.nlm.nih.gov/taxonomy/browser/wwwtax.cgi?id=33208,Metazoa,mimarks-specimen,sediment [ENVO:00002007],2023-04-25,BPNS_So_230425,Lara Macheriotou,https://orcid.org/0000-0002-5662-5689,Expected 2024-12-31,macro,,3,NA,NA,Expected 2024-12-31,Van Veen Grab,SoSOP3,NA,2023-04-27,MSO LifeWatch Lab -20 Freezer 3,-20,Rune Lagaisse,https://orcid.org/0000-0001-9191-9140,NA,NA,true,NA,NA,NA,NA,NA,NA,NA,NA,NA,EMOBON_BPNSSo114
EMOBON-230425-BPNS-So3-Macro-R4,EMOBON mimarks-specimen sediment sample from station BPNS collected on 2023-04-25 community collected macro,https://www.ncbi.nlm.nih.gov/taxonomy/browser/wwwtax.cgi?id=33208,Metazoa,mimarks-specimen,sediment [ENVO:00002007],2023-04-25,BPNS_So_230425,Lara Macheriotou,https://orcid.org/0000-0002-5662-5689,Expected 2024-12-31,macro,,4,NA,NA,Expected 2024-12-31,Van Veen Grab,SoSOP3,NA,2023-04-27,MSO LifeWatch Lab -20 Freezer 3,-20,Rune Lagaisse,https://orcid.org/0000-0001-9191-9140,NA,NA,true,NA,NA,NA,NA,NA,NA,NA,NA,NA,EMOBON_BPNSSo115
EMOBON-230425-BPNS-So3-Macro-B,EMOBON mimarks-specimen sediment sample from station BPNS collected on 2023-04-25 community collected macro,https://www.ncbi.nlm.nih.gov/taxonomy/browser/wwwtax.cgi?id=256318,metagenome,mimarks-specimen,sediment [ENVO:00002007],2023-04-25,BPNS_So_230425,Lara Macheriotou,https://orcid.org/0000-0002-5662-5689,Expected 2024-12-31,macro,,blank_1,NA,NA,Expected 2024-12-31,Van Veen Grab,SoSOP4,NA,2023-04-27,MSO LifeWatch Lab -20 Freezer 3,-20,Rune Lagaisse,https://orcid.org/0000-0001-9191-9140,NA,NA,false,NA,NA,NA,NA,NA,NA,NA,NA,NA,EMOBON_BPNSSo116
EMOBON-230425-BPNS-So3-Meio-R1,EMOBON mimarks-specimen sediment sample from station BPNS collected on 2023-04-25 community collected meio,https://www.ncbi.nlm.nih.gov/taxonomy/browser/wwwtax.cgi?id=33208,Metazoa,mimarks-specimen,sediment [ENVO:00002007],2023-04-25,BPNS_So_230425,Lara Macheriotou,https://orcid.org/0000-0002-5662-5689,Expected 2024-12-31,meio,,1,NA,0.32,Expected 2024-12-31,Van Veen Grab,SoSOP3,NA,2023-04-25,"UGent MarBiol Freezer #11, Box#61",-20,Lara Macheriotou,https://orcid.org/0000-0002-5662-5689,NA,NA,false,354,2023-10-03,2023-10-09,4,,,,,,EMOBON_BPNSSo117
EMOBON-230425-BPNS-So3-Meio-R2,EMOBON mimarks-specimen sediment sample from station BPNS collected on 2023-04-25 community collected meio,https://www.ncbi.nlm.nih.gov/taxonomy/browser/wwwtax.cgi?id=33208,Metazoa,mimarks-specimen,sediment [ENVO:00002007],2023-04-25,BPNS_So_230425,Lara Macheriotou,https://orcid.org/0000-0002-5662-5689,Expected 2024-12-31,meio,,2,NA,0.32,Expected 2024-12-31,Van Veen Grab,SoSOP3,NA,2023-04-25,"UGent MarBiol Freezer #11, Box#61",-20,Lara Macheriotou,https://orcid.org/0000-0002-5662-5689,NA,NA,false,322,2023-10-03,2023-10-09,4,,,,,,EMOBON_BPNSSo118
EMOBON-230425-BPNS-So3-Meio-R3,EMOBON mimarks-specimen sediment sample from station BPNS collected on 2023-04-25 community collected meio,https://www.ncbi.nlm.nih.gov/taxonomy/browser/wwwtax.cgi?id=33208,Metazoa,mimarks-specimen,sediment [ENVO:00002007],2023-04-25,BPNS_So_230425,Lara Macheriotou,https://orcid.org/0000-0002-5662-5689,Expected 2024-12-31,meio,,3,NA,0.32,Expected 2024-12-31,Van Veen Grab,SoSOP3,NA,2023-04-25,"UGent MarBiol Freezer #11, Box#61",-20,Lara Macheriotou,https://orcid.org/0000-0002-5662-5689,NA,NA,true,294,NA,NA,NA,NA,NA,NA,NA,NA,EMOBON_BPNSSo119
EMOBON-230425-BPNS-So3-Meio-R4,EMOBON mimarks-specimen sediment sample from station BPNS collected on 2023-04-25 community collected meio,https://www.ncbi.nlm.nih.gov/taxonomy/browser/wwwtax.cgi?id=33208,Metazoa,mimarks-specimen,sediment [ENVO:00002007],2023-04-25,BPNS_So_230425,Lara Macheriotou,https://orcid.org/0000-0002-5662-5689,Expected 2024-12-31,meio,,4,NA,0.32,Expected 2024-12-31,Van Veen Grab,SoSOP3,NA,2023-04-25,"UGent MarBiol Freezer #11, Box#61",-20,Lara Macheriotou,https://orcid.org/0000-0002-5662-5689,NA,NA,true,319,NA,NA,NA,NA,NA,NA,NA,NA,EMOBON_BPNSSo120
EMOBON-230425-BPNS-So3-Meio-B,EMOBON mimarks-specimen sediment sample from station BPNS collected on 2023-04-25 community collected meio,https://www.ncbi.nlm.nih.gov/taxonomy/browser/wwwtax.cgi?id=256318,metagenome,mimarks-specimen,sediment [ENVO:00002007],2023-04-25,BPNS_So_230425,Lara Macheriotou,https://orcid.org/0000-0002-5662-5689,Expected 2024-12-31,meio,,blank_1,NA,0.32,Expected 2024-12-31,Van Veen Grab,SoSOP3,NA,2023-04-25,"UGent MarBiol Freezer #11, Box#61",-20,Lara Macheriotou,https://orcid.org/0000-0002-5662-5689,NA,NA,false,NA,NA,NA,NA,NA,NA,NA,NA,NA,EMOBON_BPNSSo121
EMOBON-230621-BPNS-So3-Micro-R1,EMOBON metagenome sediment sample from station BPNS collected on 2023-06-21 community collected micro,https://www.ncbi.nlm.nih.gov/taxonomy/browser/wwwtax.cgi?id=412755,marine sediment metagenome,metagenome,sediment [ENVO:00002007],2023-06-21,BPNS_So_230621,Rune Lagaisse,https://orcid.org/0000-0001-9191-9140,Expected 2024-12-31,micro,,1,NA,NA,Expected 2024-12-31,Van Veen Grab,SoSOP3,NA,2023-06-22,MSO LifeWatch Lab -80 Freezer,-80,Rune Lagaisse,https://orcid.org/0000-0001-9191-9140,NA,NA,false,NA,2023-09-11,2023-09-14,-70,,,,,,EMOBON_BPNSSo122
EMOBON-230621-BPNS-So3-Micro-R2,EMOBON metagenome sediment sample from station BPNS collected on 2023-06-21 community collected micro,https://www.ncbi.nlm.nih.gov/taxonomy/browser/wwwtax.cgi?id=412755,marine sediment metagenome,metagenome,sediment [ENVO:00002007],2023-06-21,BPNS_So_230621,Rune Lagaisse,https://orcid.org/0000-0001-9191-9140,Expected 2024-12-31,micro,,2,NA,NA,Expected 2024-12-31,Van Veen Grab,SoSOP3,NA,2023-06-22,MSO LifeWatch Lab -80 Freezer,-80,Rune Lagaisse,https://orcid.org/0000-0001-9191-9140,NA,NA,false,NA,2023-09-11,2023-09-14,-70,,,,,,EMOBON_BPNSSo123
EMOBON-230621-BPNS-So3-Micro-R3,EMOBON metagenome sediment sample from station BPNS collected on 2023-06-21 community collected micro,https://www.ncbi.nlm.nih.gov/taxonomy/browser/wwwtax.cgi?id=412755,marine sediment metagenome,metagenome,sediment [ENVO:00002007],2023-06-21,BPNS_So_230621,Rune Lagaisse,https://orcid.org/0000-0001-9191-9140,Expected 2024-12-31,micro,,3,NA,NA,Expected 2024-12-31,Van Veen Grab,SoSOP3,NA,2023-06-22,MSO LifeWatch Lab -80 Freezer,-80,Rune Lagaisse,https://orcid.org/0000-0001-9191-9140,NA,NA,true,NA,NA,NA,NA,NA,NA,NA,NA,NA,EMOBON_BPNSSo124
EMOBON-230621-BPNS-So3-Micro-R4,EMOBON metagenome sediment sample from station BPNS collected on 2023-06-21 community collected micro,https://www.ncbi.nlm.nih.gov/taxonomy/browser/wwwtax.cgi?id=412755,marine sediment metagenome,metagenome,sediment [ENVO:00002007],2023-06-21,BPNS_So_230621,Rune Lagaisse,https://orcid.org/0000-0001-9191-9140,Expected 2024-12-31,micro,,4,NA,NA,Expected 2024-12-31,Van Veen Grab,SoSOP3,NA,2023-06-22,MSO LifeWatch Lab -80 Freezer,-80,Rune Lagaisse,https://orcid.org/0000-0001-9191-9140,NA,NA,true,NA,NA,NA,NA,NA,NA,NA,NA,NA,EMOBON_BPNSSo125
EMOBON-230621-BPNS-So3-Micro-B1,EMOBON metagenome sediment sample from station BPNS collected on 2023-06-21 community collected micro,https://www.ncbi.nlm.nih.gov/taxonomy/browser/wwwtax.cgi?id=256318,metagenome,metagenome,sediment [ENVO:00002007],2023-06-21,BPNS_So_230621,Rune Lagaisse,https://orcid.org/0000-0001-9191-9140,Expected 2024-12-31,micro,,blank_1,NA,NA,Expected 2024-12-31,Van Veen Grab,SoSOP3,NA,2023-06-22,MSO LifeWatch Lab -80 Freezer,-80,Rune Lagaisse,https://orcid.org/0000-0001-9191-9140,NA,NA,false,NA,NA,NA,NA,NA,NA,NA,NA,NA,EMOBON_BPNSSo126
EMOBON-230621-BPNS-So3-Micro-B2,EMOBON metagenome sediment sample from station BPNS collected on 2023-06-21 community collected micro,https://www.ncbi.nlm.nih.gov/taxonomy/browser/wwwtax.cgi?id=256318,metagenome,metagenome,sediment [ENVO:00002007],2023-06-21,BPNS_So_230621,Rune Lagaisse,https://orcid.org/0000-0001-9191-9140,Expected 2024-12-31,micro,,blank_2,NA,NA,Expected 2024-12-31,Van Veen Grab,SoSOP3,NA,2023-06-22,MSO LifeWatch Lab -80 Freezer,-80,Rune Lagaisse,https://orcid.org/0000-0001-9191-9140,NA,NA,false,NA,NA,NA,NA,NA,NA,NA,NA,NA,EMOBON_BPNSSo127
EMOBON-230621-BPNS-So3-Meio-R1,EMOBON mimarks-specimen sediment sample from station BPNS collected on 2023-06-21 community collected meio,https://www.ncbi.nlm.nih.gov/taxonomy/browser/wwwtax.cgi?id=33208,Metazoa,mimarks-specimen,sediment [ENVO:00002007],2023-06-21,BPNS_So_230621,Annelien Rigaux,NA,Expected 2024-12-31,meio,,1,NA,0.32,Expected 2024-12-31,Van Veen Grab,SoSOP3,NA,2023-06-21,"UGent MarBiol Freezer #11, Box#61",-20,Lara Macheriotou,https://orcid.org/0000-0002-5662-5689,NA,NA,false,354,2023-10-03,2023-10-09,4,,,,,,EMOBON_BPNSSo128
EMOBON-230621-BPNS-So3-Meio-R2,EMOBON mimarks-specimen sediment sample from station BPNS collected on 2023-06-21 community collected meio,https://www.ncbi.nlm.nih.gov/taxonomy/browser/wwwtax.cgi?id=33208,Metazoa,mimarks-specimen,sediment [ENVO:00002007],2023-06-21,BPNS_So_230621,Annelien Rigaux,NA,Expected 2024-12-31,meio,,2,NA,0.32,Expected 2024-12-31,Van Veen Grab,SoSOP3,NA,2023-06-21,"UGent MarBiol Freezer #11, Box#61",-20,Lara Macheriotou,https://orcid.org/0000-0002-5662-5689,NA,NA,false,322,2023-10-03,2023-10-09,4,,,,,,EMOBON_BPNSSo129
EMOBON-230621-BPNS-So3-Meio-R3,EMOBON mimarks-specimen sediment sample from station BPNS collected on 2023-06-21 community collected meio,https://www.ncbi.nlm.nih.gov/taxonomy/browser/wwwtax.cgi?id=33208,Metazoa,mimarks-specimen,sediment [ENVO:00002007],2023-06-21,BPNS_So_230621,Annelien Rigaux,NA,Expected 2024-12-31,meio,,3,NA,0.32,Expected 2024-12-31,Van Veen Grab,SoSOP3,NA,2023-06-21,"UGent MarBiol Freezer #11, Box#61",-20,Lara Macheriotou,https://orcid.org/0000-0002-5662-5689,NA,NA,true,276,NA,NA,NA,NA,NA,NA,NA,NA,EMOBON_BPNSSo130
EMOBON-230621-BPNS-So3-Meio-R4,EMOBON mimarks-specimen sediment sample from station BPNS collected on 2023-06-21 community collected meio,https://www.ncbi.nlm.nih.gov/taxonomy/browser/wwwtax.cgi?id=33208,Metazoa,mimarks-specimen,sediment [ENVO:00002007],2023-06-21,BPNS_So_230621,Annelien Rigaux,NA,Expected 2024-12-31,meio,,4,NA,0.32,Expected 2024-12-31,Van Veen Grab,SoSOP3,NA,2023-06-21,"UGent MarBiol Freezer #11, Box#61",-20,Lara Macheriotou,https://orcid.org/0000-0002-5662-5689,NA,NA,true,252,NA,NA,NA,NA,NA,NA,NA,NA,EMOBON_BPNSSo131
EMOBON-230621-BPNS-So3-Meio-B,EMOBON mimarks-specimen sediment sample from station BPNS collected on 2023-06-21 community collected meio,https://www.ncbi.nlm.nih.gov/taxonomy/browser/wwwtax.cgi?id=256318,metagenome,mimarks-specimen,sediment [ENVO:00002007],2023-06-21,BPNS_So_230621,Annelien Rigaux,NA,Expected 2024-12-31,meio,,blank_1,NA,0.32,Expected 2024-12-31,Van Veen Grab,SoSOP3,NA,2023-06-21,"UGent MarBiol Freezer #11, Box#61",-20,Lara Macheriotou,https://orcid.org/0000-0002-5662-5689,NA,NA,false,NA,NA,NA,NA,NA,NA,NA,NA,NA,EMOBON_BPNSSo132
EMOBON-230817-BPNS-So3-Micro-R1,EMOBON metagenome sediment sample from station BPNS collected on 2023-08-17 community collected micro,https://www.ncbi.nlm.nih.gov/taxonomy/browser/wwwtax.cgi?id=412755,marine sediment metagenome,metagenome,sediment [ENVO:00002007],2023-08-17,BPNS_So_230817,Rune Lagaisse,https://orcid.org/0000-0001-9191-9140,Expected 2024-12-31,micro,,1,NA,NA,Expected 2024-12-31,Van Veen Grab,SoSOP3,NA,2023-08-18,MSO LifeWatch Lab -80 Freezer,-80,Rune Lagaisse,https://orcid.org/0000-0001-9191-9140,NA,NA,false,NA,2023-09-11,2023-09-14,-70,,,,,,EMOBON_BPNSSo133
EMOBON-230817-BPNS-So3-Micro-R2,EMOBON metagenome sediment sample from station BPNS collected on 2023-08-17 community collected micro,https://www.ncbi.nlm.nih.gov/taxonomy/browser/wwwtax.cgi?id=412755,marine sediment metagenome,metagenome,sediment [ENVO:00002007],2023-08-17,BPNS_So_230817,Rune Lagaisse,https://orcid.org/0000-0001-9191-9140,Expected 2024-12-31,micro,,2,NA,NA,Expected 2024-12-31,Van Veen Grab,SoSOP3,NA,2023-08-18,MSO LifeWatch Lab -80 Freezer,-80,Rune Lagaisse,https://orcid.org/0000-0001-9191-9140,NA,NA,false,NA,2023-09-11,2023-09-14,-70,,,,,,EMOBON_BPNSSo134
EMOBON-230817-BPNS-So3-Micro-R3,EMOBON metagenome sediment sample from station BPNS collected on 2023-08-17 community collected micro,https://www.ncbi.nlm.nih.gov/taxonomy/browser/wwwtax.cgi?id=412755,marine sediment metagenome,metagenome,sediment [ENVO:00002007],2023-08-17,BPNS_So_230817,Rune Lagaisse,https://orcid.org/0000-0001-9191-9140,Expected 2024-12-31,micro,,3,NA,NA,Expected 2024-12-31,Van Veen Grab,SoSOP3,NA,2023-08-18,MSO LifeWatch Lab -80 Freezer,-80,Rune Lagaisse,https://orcid.org/0000-0001-9191-9140,NA,NA,true,NA,NA,NA,NA,NA,NA,NA,,,EMOBON_BPNSSo135
EMOBON-230817-BPNS-So3-Micro-R4,EMOBON metagenome sediment sample from station BPNS collected on 2023-08-17 community collected micro,https://www.ncbi.nlm.nih.gov/taxonomy/browser/wwwtax.cgi?id=412755,marine sediment metagenome,metagenome,sediment [ENVO:00002007],2023-08-17,BPNS_So_230817,Rune Lagaisse,https://orcid.org/0000-0001-9191-9140,Expected 2024-12-31,micro,,4,NA,NA,Expected 2024-12-31,Van Veen Grab,SoSOP3,NA,2023-08-18,MSO LifeWatch Lab -80 Freezer,-80,Rune Lagaisse,https://orcid.org/0000-0001-9191-9140,NA,NA,true,NA,NA,NA,NA,NA,NA,NA,,,EMOBON_BPNSSo136
EMOBON-230817-BPNS-So3-Micro-B1,EMOBON metagenome sediment sample from station BPNS collected on 2023-08-17 community collected micro,https://www.ncbi.nlm.nih.gov/taxonomy/browser/wwwtax.cgi?id=256318,metagenome,metagenome,sediment [ENVO:00002007],2023-08-17,BPNS_So_230817,Rune Lagaisse,https://orcid.org/0000-0001-9191-9140,Expected 2024-12-31,micro,,blank_1,NA,NA,Expected 2024-12-31,Van Veen Grab,SoSOP3,NA,2023-08-18,MSO LifeWatch Lab -80 Freezer,-80,Rune Lagaisse,https://orcid.org/0000-0001-9191-9140,NA,NA,false,NA,NA,NA,NA,NA,NA,NA,,,EMOBON_BPNSSo137
EMOBON-230817-BPNS-So3-Micro-B2,EMOBON metagenome sediment sample from station BPNS collected on 2023-08-17 community collected micro,https://www.ncbi.nlm.nih.gov/taxonomy/browser/wwwtax.cgi?id=256318,metagenome,metagenome,sediment [ENVO:00002007],2023-08-17,BPNS_So_230817,Rune Lagaisse,https://orcid.org/0000-0001-9191-9140,Expected 2024-12-31,micro,,blank_2,NA,NA,Expected 2024-12-31,Van Veen Grab,SoSOP3,NA,2023-08-18,MSO LifeWatch Lab -80 Freezer,-80,Rune Lagaisse,https://orcid.org/0000-0001-9191-9140,NA,NA,false,NA,NA,NA,NA,NA,NA,NA,,,EMOBON_BPNSSo138
,,,,,,,,,,,micro,,,,,,,,,,,,,,,,,,,,,,,,,,
