source_mat_id_orig,samp_description,tax_id,scientific_name,investigation_type,env_material,collection_date,sampling_event,sampl_person,sampl_person_orcid,tidal_stage,comm_samp,depth,replicate,size_frac_low,size_frac_up,samp_collect_device,samp_mat_process,samp_mat_process_dev,samp_store_date,samp_store_loc,samp_store_temp,store_person,store_person_orcid,other_person,other_person_orcid,long_store,samp_size_mass,ship_date,arr_date_hq,store_temp_hq,ship_date_seq,arr_date_seq,failure,failure_comment,ENA_accession_number_sample,source_mat_id
EMOBON-210701-330-SoSOP3-Meio-R1,EMOBON mimarks-specimen sediment sample from station BPNS collected on 2021-07-01 community collected meio,33208.0,Metazoa ,mimarks-specimen,sediment [ENVO:00002007],2021-07-01 08:23:15,BPNS_So_210701,Lara Macheriotou,0000-0002-5662-5689,ebb_tide,meio,23.09,1,0.32,,Van Veen Grab,SoSOP3,,2021-07-01 18:00:00,"UGent MarBiol Freezer #11, Box#65",-20.0,Lara Macheriotou,0000-0002-5662-5689,Annelien Rigaux,,N,340.0,2021-12-01 00:00:00,2021-12-03,-20.0,2022-07-18,2023-07-18,,,,EMOBON_BPNS_So_210701_meio_1
EMOBON-210701-330-SoSOP3-Meio-R2,EMOBON mimarks-specimen sediment sample from station BPNS collected on 2021-07-01 community collected meio,33208.0,Metazoa ,mimarks-specimen,sediment [ENVO:00002007],2021-07-01 08:23:15,BPNS_So_210701,Lara Macheriotou,0000-0002-5662-5689,ebb_tide,meio,23.09,2,0.32,,Van Veen Grab,SoSOP3,,2021-07-01 18:00:00,"UGent MarBiol Freezer #11, Box#65",-20.0,Lara Macheriotou,0000-0002-5662-5689,Annelien Rigaux,,N,470.0,2021-12-01 00:00:00,2021-12-03,-20.0,2022-07-18,2023-07-18,,,,EMOBON_BPNS_So_210701_meio_2
EMOBON-210701-330-SoSOP3-Meio-R3,EMOBON mimarks-specimen sediment sample from station BPNS collected on 2021-07-01 community collected meio,33208.0,Metazoa ,mimarks-specimen,sediment [ENVO:00002007],2021-07-01 08:23:15,BPNS_So_210701,Lara Macheriotou,0000-0002-5662-5689,ebb_tide,meio,23.09,3,0.32,,Van Veen Grab,SoSOP3,,2021-07-01 18:00:00,"UGent MarBiol Freezer #11, Box#65",-20.0,Lara Macheriotou,0000-0002-5662-5689,Annelien Rigaux,,Y,405.0,,,,,,,,,EMOBON_BPNS_So_210701_meio_3
EMOBON-210701-330-SoSOP3-Meio-R4,EMOBON mimarks-specimen sediment sample from station BPNS collected on 2021-07-01 community collected meio,33208.0,Metazoa ,mimarks-specimen,sediment [ENVO:00002007],2021-07-01 08:23:15,BPNS_So_210701,Lara Macheriotou,0000-0002-5662-5689,ebb_tide,meio,23.09,4,0.32,,Van Veen Grab,SoSOP3,,2021-07-01 18:00:00,"UGent MarBiol Freezer #11, Box#65",-20.0,Lara Macheriotou,0000-0002-5662-5689,Annelien Rigaux,,Y,300.0,,,,,,,,,EMOBON_BPNS_So_210701_meio_4
EMOBON-210726-330-SoSOP3-Micro-R1,EMOBON metagenome sediment sample from station BPNS collected on 2021-07-26 community collected micro,412755.0,marine sediment metagenome,metagenome,sediment [ENVO:00002007],2021-07-26 12:44:15,BPNS_So_210726,Jonas Mortelmans,0000-0002-8781-7915,flood_tide,micro,22.94,1,,,Van Veen Grab,SoSOP3,,2021-07-26 16:00:00,MSO LifeWatch Lab -80 Freezer,-80.0,Jonas Mortelmans,0000-0002-8781-7915,,,N,,2021-10-05 00:00:00,2021-10-08,-70.0,2021-11-24,2021-11-24,F,,,EMOBON_BPNS_So_210726_micro_1
EMOBON-210726-330-SoSOP3-Micro-R2,EMOBON metagenome sediment sample from station BPNS collected on 2021-07-26 community collected micro,412755.0,marine sediment metagenome,metagenome,sediment [ENVO:00002007],2021-07-26 12:44:15,BPNS_So_210726,Jonas Mortelmans,0000-0002-8781-7915,flood_tide,micro,22.94,2,,,Van Veen Grab,SoSOP3,,2021-07-26 16:00:00,MSO LifeWatch Lab -80 Freezer,-80.0,Jonas Mortelmans,0000-0002-8781-7915,,,N,,2021-10-05 00:00:00,2021-10-08,-70.0,2021-11-24,2021-11-24,F,,,EMOBON_BPNS_So_210726_micro_2
EMOBON-210726-330-SoSOP3-Micro-R3,EMOBON metagenome sediment sample from station BPNS collected on 2021-07-26 community collected micro,412755.0,marine sediment metagenome,metagenome,sediment [ENVO:00002007],2021-07-26 12:44:15,BPNS_So_210726,Jonas Mortelmans,0000-0002-8781-7915,flood_tide,micro,22.94,3,,,Van Veen Grab,SoSOP3,,2021-07-26 16:00:00,MSO LifeWatch Lab -80 Freezer,-80.0,Jonas Mortelmans,0000-0002-8781-7915,,,Y,,,,,,,,,,EMOBON_BPNS_So_210726_micro_3
EMOBON-210726-330-SoSOP3-Micro-R4,EMOBON metagenome sediment sample from station BPNS collected on 2021-07-26 community collected micro,412755.0,marine sediment metagenome,metagenome,sediment [ENVO:00002007],2021-07-26 12:44:15,BPNS_So_210726,Jonas Mortelmans,0000-0002-8781-7915,flood_tide,micro,22.94,4,,,Van Veen Grab,SoSOP3,,2021-07-26 16:00:00,MSO LifeWatch Lab -80 Freezer,-80.0,Jonas Mortelmans,0000-0002-8781-7915,,,Y,,,,,,,,,,EMOBON_BPNS_So_210726_micro_4
EMOBON-210726-330-SoSOP3-Micro-B1,EMOBON metagenome sediment sample from station BPNS collected on 2021-07-26 community collected micro,32644.0,unidentified,metagenome,sediment [ENVO:00002007],2021-07-26 12:44:15,BPNS_So_210726,Jonas Mortelmans,0000-0002-8781-7915,flood_tide,micro,22.94,blank,,,Van Veen Grab,SoSOP3,,2021-07-26 16:00:00,MSO LifeWatch Lab -80 Freezer,-80.0,Jonas Mortelmans,0000-0002-8781-7915,,,N,,,,,,,,,,EMOBON_BPNS_So_210726_micro_blank
EMOBON-210726-330-SoSOP3-Micro-B2,EMOBON metagenome sediment sample from station BPNS collected on 2021-07-26 community collected micro,32644.0,unidentified,metagenome,sediment [ENVO:00002007],2021-07-26 12:44:15,BPNS_So_210726,Jonas Mortelmans,0000-0002-8781-7915,flood_tide,micro,22.94,blank,,,Van Veen Grab,SoSOP3,,2021-07-26 16:00:00,MSO LifeWatch Lab -80 Freezer,-80.0,Jonas Mortelmans,0000-0002-8781-7915,,,N,,,,,,,,,,EMOBON_BPNS_So_210726_micro_blank
EMOBON-210825-330-SoSOP3-Micro-R1,EMOBON metagenome sediment sample from station BPNS collected on 2021-08-25 community collected micro,412755.0,marine sediment metagenome,metagenome,sediment [ENVO:00002007],2021-08-25 09:06:30,BPNS_So_210825,Sander Delacauw,0000-0002-5400-2891,ebb_tide,micro,20.54,1,,,Van Veen Grab,SoSOP3,Tube broke,,,,,,,,,,,,,,,T,tube broke,,EMOBON_BPNS_So_210825_micro_1
EMOBON-210825-330-SoSOP3-Micro-R2,EMOBON metagenome sediment sample from station BPNS collected on 2021-08-25 community collected micro,412755.0,marine sediment metagenome,metagenome,sediment [ENVO:00002007],2021-08-25 09:06:30,BPNS_So_210825,Sander Delacauw,0000-0002-5400-2891,ebb_tide,micro,20.54,2,,,Van Veen Grab,SoSOP3,,2021-08-25 16:00:00,MSO LifeWatch Lab -80 Freezer,-80.0,Sander Delacauw,0000-0002-5400-2891,Rune Lagaisse,0000-0001-9191-9140,N,,2021-10-05 00:00:00,2021-10-08,-70.0,2021-11-24,2021-11-24,T,low yields; seq library prep failed,,EMOBON_BPNS_So_210825_micro_2
EMOBON-210825-330-SoSOP3-Micro-R3,EMOBON metagenome sediment sample from station BPNS collected on 2021-08-25 community collected micro,412755.0,marine sediment metagenome,metagenome,sediment [ENVO:00002007],2021-08-25 09:06:30,BPNS_So_210825,Sander Delacauw,0000-0002-5400-2891,ebb_tide,micro,20.54,3,,,Van Veen Grab,SoSOP3,,2021-08-25 16:00:00,MSO LifeWatch Lab -80 Freezer,-80.0,Sander Delacauw,0000-0002-5400-2891,Rune Lagaisse,0000-0001-9191-9140,Y,,2021-10-05 00:00:00,2021-10-08,-70.0,2021-11-24,2021-11-24,F,,,EMOBON_BPNS_So_210825_micro_3
EMOBON-210825-330-SoSOP3-Micro-R4,EMOBON metagenome sediment sample from station BPNS collected on 2021-08-25 community collected micro,412755.0,marine sediment metagenome,metagenome,sediment [ENVO:00002007],2021-08-25 09:06:30,BPNS_So_210825,Sander Delacauw,0000-0002-5400-2891,ebb_tide,micro,20.54,4,,,Van Veen Grab,SoSOP3,,2021-08-25 16:00:00,MSO LifeWatch Lab -80 Freezer,-80.0,Sander Delacauw,0000-0002-5400-2891,Rune Lagaisse,0000-0001-9191-9140,Y,,,,,,,,,,EMOBON_BPNS_So_210825_micro_4
EMOBON-210825-330-SoSOP3-Micro-B1,EMOBON metagenome sediment sample from station BPNS collected on 2021-08-25 community collected micro,32644.0,unidentified,metagenome,sediment [ENVO:00002007],2021-08-25 09:06:30,BPNS_So_210825,Sander Delacauw,0000-0002-5400-2891,ebb_tide,micro,20.54,blank,,,Van Veen Grab,SoSOP3,,2021-08-25 16:00:00,MSO LifeWatch Lab -80 Freezer,-80.0,Sander Delacauw,0000-0002-5400-2891,Rune Lagaisse,0000-0001-9191-9140,N,,,,,,,,,,EMOBON_BPNS_So_210825_micro_blank
EMOBON-210825-330-SoSOP3-Micro-B2,EMOBON metagenome sediment sample from station BPNS collected on 2021-08-25 community collected micro,32644.0,unidentified,metagenome,sediment [ENVO:00002007],2021-08-25 09:06:30,BPNS_So_210825,Sander Delacauw,0000-0002-5400-2891,ebb_tide,micro,20.54,blank,,,Van Veen Grab,SoSOP3,,2021-08-25 16:00:00,MSO LifeWatch Lab -80 Freezer,-80.0,Sander Delacauw,0000-0002-5400-2891,Rune Lagaisse,0000-0001-9191-9140,N,,,,,,,,,,EMOBON_BPNS_So_210825_micro_blank
EMOBON-211028-BPNS-So3-Micro-R1,EMOBON metagenome sediment sample from station BPNS collected on 2021-10-28 community collected micro,412755.0,marine sediment metagenome,metagenome,sediment [ENVO:00002007],2021-10-28 08:02:56,BPNS_So_211013,Sander Delacauw,0000-0002-5400-2891,ebb_tide,micro,18.66,1,,,Van Veen Grab,SoSOP3,,2021-10-28 14:00:00,MSO LifeWatch Lab -80 Freezer,-80.0,Sander Delacauw,0000-0002-5400-2891,Rune Lagaisse,0000-0001-9191-9140,N,,2022-01-10 00:00:00,2022-01-18,-70.0,2022-02-22,2022-02-23,F,,,EMOBON_BPNS_So_211013_micro_1
EMOBON-211028-BPNS-So3-Micro-R2,EMOBON metagenome sediment sample from station BPNS collected on 2021-10-28 community collected micro,412755.0,marine sediment metagenome,metagenome,sediment [ENVO:00002007],2021-10-28 08:02:56,BPNS_So_211014,Sander Delacauw,0000-0002-5400-2891,ebb_tide,micro,18.66,2,,,Van Veen Grab,SoSOP3,,2021-10-28 14:00:00,MSO LifeWatch Lab -80 Freezer,-80.0,Sander Delacauw,0000-0002-5400-2891,Rune Lagaisse,0000-0001-9191-9140,N,,2022-01-10 00:00:00,2022-01-18,-70.0,2022-02-22,2022-02-23,F,,,EMOBON_BPNS_So_211014_micro_2
EMOBON-211028-BPNS-So3-Micro-R3,EMOBON metagenome sediment sample from station BPNS collected on 2021-10-28 community collected micro,412755.0,marine sediment metagenome,metagenome,sediment [ENVO:00002007],2021-10-28 08:02:56,BPNS_So_211015,Sander Delacauw,0000-0002-5400-2891,ebb_tide,micro,18.66,3,,,Van Veen Grab,SoSOP3,,2021-10-28 14:00:00,MSO LifeWatch Lab -80 Freezer,-80.0,Sander Delacauw,0000-0002-5400-2891,Rune Lagaisse,0000-0001-9191-9140,Y,,,,,,,,,,EMOBON_BPNS_So_211015_micro_3
EMOBON-211028-BPNS-So3-Micro-R4,EMOBON metagenome sediment sample from station BPNS collected on 2021-10-28 community collected micro,412755.0,marine sediment metagenome,metagenome,sediment [ENVO:00002007],2021-10-28 08:02:56,BPNS_So_211016,Sander Delacauw,0000-0002-5400-2891,ebb_tide,micro,18.66,4,,,Van Veen Grab,SoSOP3,,2021-10-28 14:00:00,MSO LifeWatch Lab -80 Freezer,-80.0,Sander Delacauw,0000-0002-5400-2891,Rune Lagaisse,0000-0001-9191-9140,Y,,,,,,,,,,EMOBON_BPNS_So_211016_micro_4
EMOBON-211028-BPNS-So3-Micro-B1,EMOBON metagenome sediment sample from station BPNS collected on 2021-10-28 community collected micro,32644.0,unidentified,metagenome,sediment [ENVO:00002007],2021-10-28 08:02:56,BPNS_So_211017,Sander Delacauw,0000-0002-5400-2891,ebb_tide,micro,18.66,blank,,,Van Veen Grab,SoSOP3,,2021-10-28 14:00:00,MSO LifeWatch Lab -80 Freezer,-80.0,Sander Delacauw,0000-0002-5400-2891,Rune Lagaisse,0000-0001-9191-9140,N,,,,,,,,,,EMOBON_BPNS_So_211017_micro_blank
EMOBON-211028-BPNS-So3-Micro-B2,EMOBON metagenome sediment sample from station BPNS collected on 2021-10-28 community collected micro,32644.0,unidentified,metagenome,sediment [ENVO:00002007],2021-10-28 08:02:56,BPNS_So_211018,Sander Delacauw,0000-0002-5400-2891,ebb_tide,micro,18.66,blank,,,Van Veen Grab,SoSOP3,,2021-10-28 14:00:00,MSO LifeWatch Lab -80 Freezer,-80.0,Sander Delacauw,0000-0002-5400-2891,Rune Lagaisse,0000-0001-9191-9140,N,,,,,,,,,,EMOBON_BPNS_So_211018_micro_blank
EMOBON-211028-BPNS-So3-Macro-R1,EMOBON mimarks-specimen sediment sample from station BPNS collected on 2021-10-28 community collected macro,33208.0,Metazoa ,mimarks-specimen,sediment [ENVO:00002007],2021-10-28 08:02:56,BPNS_So_211019,Sander Delacauw,0000-0002-5400-2891,ebb_tide,macro,19.42,1,,,Van Veen Grab,SoSOP3,,2021-10-28 14:00:00,MSO LifeWatch Lab -20 Freezer 3,-20.0,Sander Delacauw,0000-0002-5400-2891,Rune Lagaisse,0000-0001-9191-9140,N,,2022-01-10 00:00:00,2022-01-18,4.0,,,,,,EMOBON_BPNS_So_211019_macro_1
EMOBON-211028-BPNS-So3-Macro-R2,EMOBON mimarks-specimen sediment sample from station BPNS collected on 2021-10-28 community collected macro,33208.0,Metazoa ,mimarks-specimen,sediment [ENVO:00002007],2021-10-28 08:02:56,BPNS_So_211020,Sander Delacauw,0000-0002-5400-2891,ebb_tide,macro,19.42,2,,,Van Veen Grab,SoSOP3,,2021-10-28 14:00:00,MSO LifeWatch Lab -20 Freezer 3,-20.0,Sander Delacauw,0000-0002-5400-2891,Rune Lagaisse,0000-0001-9191-9140,N,,2022-01-10 00:00:00,2022-01-18,4.0,,,,,,EMOBON_BPNS_So_211020_macro_2
EMOBON-211028-BPNS-So3-Macro-R3,EMOBON mimarks-specimen sediment sample from station BPNS collected on 2021-10-28 community collected macro,33208.0,Metazoa ,mimarks-specimen,sediment [ENVO:00002007],2021-10-28 08:02:56,BPNS_So_211021,Sander Delacauw,0000-0002-5400-2891,ebb_tide,macro,19.42,3,,,Van Veen Grab,SoSOP3,,2021-10-28 14:00:00,MSO LifeWatch Lab -20 Freezer 3,-20.0,Sander Delacauw,0000-0002-5400-2891,Rune Lagaisse,0000-0001-9191-9140,Y,,,,,,,,,,EMOBON_BPNS_So_211021_macro_3
EMOBON-211028-BPNS-So3-Macro-R4,EMOBON mimarks-specimen sediment sample from station BPNS collected on 2021-10-28 community collected macro,33208.0,Metazoa ,mimarks-specimen,sediment [ENVO:00002007],2021-10-28 08:02:56,BPNS_So_211022,Sander Delacauw,0000-0002-5400-2891,ebb_tide,macro,19.42,4,,,Van Veen Grab,SoSOP3,,2021-10-28 14:00:00,MSO LifeWatch Lab -20 Freezer 3,-20.0,Sander Delacauw,0000-0002-5400-2891,Rune Lagaisse,0000-0001-9191-9140,Y,,,,,,,,,,EMOBON_BPNS_So_211022_macro_4
EMOBON-211028-BPNS-So3-Macro-B,EMOBON mimarks-specimen sediment sample from station BPNS collected on 2021-10-28 community collected macro,32644.0,unidentified,mimarks-specimen,sediment [ENVO:00002007],2021-10-28 08:02:56,BPNS_So_211023,Sander Delacauw,0000-0002-5400-2891,ebb_tide,macro,19.42,blank,,,Van Veen Grab,SoSOP3,,2021-10-28 14:00:00,MSO LifeWatch Lab -20 Freezer 3,-20.0,Sander Delacauw,0000-0002-5400-2891,Rune Lagaisse,0000-0001-9191-9140,N,,,,,,,,,,EMOBON_BPNS_So_211023_macro_blank
EMOBON-211028-BPNS-SoSOP3-Meio-R1,EMOBON mimarks-specimen sediment sample from station BPNS collected on 2021-10-28 community collected meio,33208.0,Metazoa ,mimarks-specimen,sediment [ENVO:00002007],2021-10-28 08:02:56,BPNS_So_211024,Lara Macheriotou,0000-0002-5662-5689,ebb_tide,meio,19.42,1,0.32,,Van Veen Grab,SoSOP3,,2021-10-28 14:00:00,"UGent MarBiol Freezer #11, Box#65",-20.0,Lara Macheriotou,0000-0002-5662-5689,Annelien Rigaux,,N,170.0,2021-12-01 00:00:00,2021-12-03,-20.0,2022-07-18,2023-07-18,,,,EMOBON_BPNS_So_211024_meio_1
EMOBON-211028-BPNS-SoSOP3-Meio-R2,EMOBON mimarks-specimen sediment sample from station BPNS collected on 2021-10-28 community collected meio,33208.0,Metazoa ,mimarks-specimen,sediment [ENVO:00002007],2021-10-28 08:02:56,BPNS_So_211025,Lara Macheriotou,0000-0002-5662-5689,ebb_tide,meio,19.42,2,0.32,,Van Veen Grab,SoSOP3,,2021-10-28 14:00:00,"UGent MarBiol Freezer #11, Box#65",-20.0,Lara Macheriotou,0000-0002-5662-5689,Annelien Rigaux,,N,272.0,2021-12-01 00:00:00,2021-12-03,-20.0,2022-07-18,2023-07-18,,,,EMOBON_BPNS_So_211025_meio_2
EMOBON-211028-BPNS-SoSOP3-Meio-R3,EMOBON mimarks-specimen sediment sample from station BPNS collected on 2021-10-28 community collected meio,33208.0,Metazoa ,mimarks-specimen,sediment [ENVO:00002007],2021-10-28 08:02:56,BPNS_So_211026,Lara Macheriotou,0000-0002-5662-5689,ebb_tide,meio,19.42,3,0.32,,Van Veen Grab,SoSOP3,,2021-10-28 18:00:00,"UGent MarBiol Freezer #11, Box#65",-20.0,Lara Macheriotou,0000-0002-5662-5689,Annelien Rigaux,,Y,334.0,,,,,,,,,EMOBON_BPNS_So_211026_meio_3
EMOBON-211028-BPNS-SoSOP3-Meio-R4,EMOBON mimarks-specimen sediment sample from station BPNS collected on 2021-10-28 community collected meio,33208.0,Metazoa ,mimarks-specimen,sediment [ENVO:00002007],2021-10-28 08:02:56,BPNS_So_211027,Lara Macheriotou,0000-0002-5662-5689,ebb_tide,meio,19.42,4,0.32,,Van Veen Grab,SoSOP3,,2021-10-28 18:00:00,"UGent MarBiol Freezer #11, Box#65",-20.0,Lara Macheriotou,0000-0002-5662-5689,Annelien Rigaux,,Y,228.0,,,,,,,,,EMOBON_BPNS_So_211027_meio_4
EMOBON-211028-BPNS-SoSOP3-Meio-B,EMOBON mimarks-specimen sediment sample from station BPNS collected on 2021-10-28 community collected meio,32644.0,unidentified,mimarks-specimen,sediment [ENVO:00002007],2021-10-28 08:02:56,BPNS_So_211028,Lara Macheriotou,0000-0002-5662-5689,ebb_tide,meio,19.42,blank,0.32,,Van Veen Grab,SoSOP3,,2021-10-28 18:00:00,"UGent MarBiol Freezer #11, Box#65",-20.0,Lara Macheriotou,0000-0002-5662-5689,Annelien Rigaux,,N,,2021-12-01 00:00:00,2021-12-03,-20.0,2022-07-18,2023-07-18,,,,EMOBON_BPNS_So_211028_meio_blank
EMOBON-211223-BPNS-So3-Micro-R1,EMOBON metagenome sediment sample from station BPNS collected on 2021-12-23 community collected micro,412755.0,marine sediment metagenome,metagenome,sediment [ENVO:00002007],2021-12-23 09:28:40,BPNS_So_211223,Rune Lagaisse,0000-0001-9191-9140,ebb_tide,micro,21.2,1,,,Van Veen Grab,SoSOP3,Problem with underway data,2021-12-23 16:00:00,MSO LifeWatch Lab -80 Freezer,-80.0,Sander Delacauw,0000-0002-5400-2891,Rune Lagaisse,0000-0001-9191-9140,N,,2022-01-10 00:00:00,2022-01-18,-70.0,2022-02-22,2022-02-23,F,,,EMOBON_BPNS_So_211223_micro_1
"EMOBON-211223-BPNS-So3-Micro-R2
",EMOBON metagenome sediment sample from station BPNS collected on 2021-12-23 community collected micro,412755.0,marine sediment metagenome,metagenome,sediment [ENVO:00002007],2021-12-23 09:28:40,BPNS_So_211223,Rune Lagaisse,0000-0001-9191-9140,ebb_tide,micro,21.2,2,,,Van Veen Grab,SoSOP3,Problem with underway data,2021-12-23 16:00:00,MSO LifeWatch Lab -80 Freezer,-80.0,Sander Delacauw,0000-0002-5400-2891,Rune Lagaisse,0000-0001-9191-9140,N,,2022-01-10 00:00:00,2022-01-18,-70.0,2022-02-22,2022-02-23,F,,,EMOBON_BPNS_So_211223_micro_2
EMOBON-211223-BPNS-So3-Micro-R3,EMOBON metagenome sediment sample from station BPNS collected on 2021-12-23 community collected micro,412755.0,marine sediment metagenome,metagenome,sediment [ENVO:00002007],2021-12-23 09:28:40,BPNS_So_211223,Rune Lagaisse,0000-0001-9191-9140,ebb_tide,micro,21.2,3,,,Van Veen Grab,SoSOP3,Problem with underway data,2021-12-23 16:00:00,MSO LifeWatch Lab -80 Freezer,-80.0,Sander Delacauw,0000-0002-5400-2891,Rune Lagaisse,0000-0001-9191-9140,Y,,,,,,,,,,EMOBON_BPNS_So_211223_micro_3
EMOBON-211223-BPNS-So3-Micro-R4,EMOBON metagenome sediment sample from station BPNS collected on 2021-12-23 community collected micro,412755.0,marine sediment metagenome,metagenome,sediment [ENVO:00002007],2021-12-23 09:28:40,BPNS_So_211223,Rune Lagaisse,0000-0001-9191-9140,ebb_tide,micro,21.2,4,,,Van Veen Grab,SoSOP3,Problem with underway data,2021-12-23 16:00:00,MSO LifeWatch Lab -80 Freezer,-80.0,Sander Delacauw,0000-0002-5400-2891,Rune Lagaisse,0000-0001-9191-9140,Y,,,,,,,,,,EMOBON_BPNS_So_211223_micro_4
EMOBON-211223-BPNS-So3-Micro-B1,EMOBON metagenome sediment sample from station BPNS collected on 2021-12-23 community collected micro,32644.0,unidentified,metagenome,sediment [ENVO:00002007],2021-12-23 09:28:40,BPNS_So_211223,Rune Lagaisse,0000-0001-9191-9140,ebb_tide,micro,21.2,blank,,,Van Veen Grab,SoSOP3,Problem with underway data,2021-12-23 16:00:00,MSO LifeWatch Lab -80 Freezer,-80.0,Sander Delacauw,0000-0002-5400-2891,Rune Lagaisse,0000-0001-9191-9140,N,,,,,,,,,,EMOBON_BPNS_So_211223_micro_blank
EMOBON-211223-BPNS-So3-Micro-B2,EMOBON metagenome sediment sample from station BPNS collected on 2021-12-23 community collected micro,32644.0,unidentified,metagenome,sediment [ENVO:00002007],2021-12-23 09:28:40,BPNS_So_211223,Rune Lagaisse,0000-0001-9191-9140,ebb_tide,micro,21.2,blank,,,Van Veen Grab,SoSOP3,Problem with underway data,2021-12-23 16:00:00,MSO LifeWatch Lab -80 Freezer,-80.0,Sander Delacauw,0000-0002-5400-2891,Rune Lagaisse,0000-0001-9191-9140,N,,,,,,,,,,EMOBON_BPNS_So_211223_micro_blank
EMOBON-220322-BPNS-So3-Micro-R1,EMOBON metagenome sediment sample from station BPNS collected on 2022-03-22 community collected micro,412755.0,marine sediment metagenome,metagenome,sediment [ENVO:00002007],2022-03-22 17:44:43,BPNS_So_220322,Rune Lagaisse,0000-0001-9191-9140,ebb_tide,micro,20.0,1,,,Van Veen Grab,SoSOP3,Problem with underway data,2022-03-23 11:00:00,MSO LifeWatch Lab -80 Freezer,-80.0,Rune Lagaisse,0000-0001-9191-9140,,,N,,2022-09-26 00:00:00,2022-09-30,-70.0,2022-07-18,2023-07-18,,,,EMOBON_BPNS_So_220322_micro_1
EMOBON-220322-BPNS-So3-Micro-R2,EMOBON metagenome sediment sample from station BPNS collected on 2022-03-22 community collected micro,412755.0,marine sediment metagenome,metagenome,sediment [ENVO:00002007],2022-03-22 17:44:43,BPNS_So_220322,Rune Lagaisse,0000-0001-9191-9140,ebb_tide,micro,20.0,2,,,Van Veen Grab,SoSOP3,Problem with underway data,2022-03-23 11:00:00,MSO LifeWatch Lab -80 Freezer,-80.0,Rune Lagaisse,0000-0001-9191-9140,,,N,,2022-09-26 00:00:00,2022-09-30,-70.0,2022-07-18,2023-07-18,,,,EMOBON_BPNS_So_220322_micro_2
EMOBON-220322-BPNS-So3-Micro-R3,EMOBON metagenome sediment sample from station BPNS collected on 2022-03-22 community collected micro,412755.0,marine sediment metagenome,metagenome,sediment [ENVO:00002007],2022-03-22 17:44:43,BPNS_So_220322,Rune Lagaisse,0000-0001-9191-9140,ebb_tide,micro,20.0,3,,,Van Veen Grab,SoSOP3,Problem with underway data,2022-03-23 11:00:00,MSO LifeWatch Lab -80 Freezer,-80.0,Rune Lagaisse,0000-0001-9191-9140,,,Y,,,,,,,,,,EMOBON_BPNS_So_220322_micro_3
EMOBON-220322-BPNS-So3-Micro-R4,EMOBON metagenome sediment sample from station BPNS collected on 2022-03-22 community collected micro,412755.0,marine sediment metagenome,metagenome,sediment [ENVO:00002007],2022-03-22 17:44:43,BPNS_So_220322,Rune Lagaisse,0000-0001-9191-9140,ebb_tide,micro,20.0,4,,,Van Veen Grab,SoSOP3,"Tube broke, Problem with underway data",,,,,,,,,,,,,,,,,,EMOBON_BPNS_So_220322_micro_4
EMOBON-220322-BPNS-So3-Micro-B1,EMOBON metagenome sediment sample from station BPNS collected on 2022-03-22 community collected micro,32644.0,unidentified,metagenome,sediment [ENVO:00002007],2022-03-22 17:44:43,BPNS_So_220322,Rune Lagaisse,0000-0001-9191-9140,ebb_tide,micro,20.0,blank,,,Van Veen Grab,SoSOP3,Problem with underway data,2022-03-23 11:00:00,MSO LifeWatch Lab -80 Freezer,-80.0,Rune Lagaisse,0000-0001-9191-9140,,,N,,,,,,,,,,EMOBON_BPNS_So_220322_micro_blank
EMOBON-220322-BPNS-So3-Micro-B2,EMOBON metagenome sediment sample from station BPNS collected on 2022-03-22 community collected micro,32644.0,unidentified,metagenome,sediment [ENVO:00002007],2022-03-22 17:44:43,BPNS_So_220322,Rune Lagaisse,0000-0001-9191-9140,ebb_tide,micro,20.0,blank,,,Van Veen Grab,SoSOP3,Problem with underway data,2022-03-23 11:00:00,MSO LifeWatch Lab -80 Freezer,-80.0,Rune Lagaisse,0000-0001-9191-9140,,,N,,,,,,,,,,EMOBON_BPNS_So_220322_micro_blank
EMOBON-220420-BPNS-So3-Micro-R1,EMOBON metagenome sediment sample from station BPNS collected on 2022-04-20 community collected micro,412755.0,marine sediment metagenome,metagenome,sediment [ENVO:00002007],2022-04-20 10:57:42,BPNS_So_220420,Annelien Rigaux,,ebb_tide,micro,20.0,1,,,Van Veen Grab,SoSOP3,Problem with underway data,2022-04-21 00:00:00,MSO LifeWatch Lab -80 Freezer,-80.0,Rune Lagaisse,0000-0001-9191-9141,,,N,,2022-09-26 00:00:00,2022-09-30,-70.0,2022-07-18,2023-07-18,,,,EMOBON_BPNS_So_220420_micro_1
EMOBON-220420-BPNS-So3-Micro-R2,EMOBON metagenome sediment sample from station BPNS collected on 2022-04-20 community collected micro,412755.0,marine sediment metagenome,metagenome,sediment [ENVO:00002007],2022-04-20 10:57:42,BPNS_So_220421,Annelien Rigaux,,ebb_tide,micro,20.0,2,,,Van Veen Grab,SoSOP3,Problem with underway data,2022-04-21 00:00:00,MSO LifeWatch Lab -80 Freezer,-80.0,Rune Lagaisse,0000-0001-9191-9142,,,N,,2022-09-26 00:00:00,2022-09-30,-70.0,2022-07-18,2023-07-18,,,,EMOBON_BPNS_So_220421_micro_2
EMOBON-220420-BPNS-So3-Micro-R3,EMOBON metagenome sediment sample from station BPNS collected on 2022-04-20 community collected micro,412755.0,marine sediment metagenome,metagenome,sediment [ENVO:00002007],2022-04-20 10:57:42,BPNS_So_220422,Annelien Rigaux,,ebb_tide,micro,20.0,3,,,Van Veen Grab,SoSOP3,Problem with underway data,2022-04-21 00:00:00,MSO LifeWatch Lab -80 Freezer,-80.0,Rune Lagaisse,0000-0001-9191-9143,,,Y,,,,,,,,,,EMOBON_BPNS_So_220422_micro_3
EMOBON-220420-BPNS-So3-Micro-R4,EMOBON metagenome sediment sample from station BPNS collected on 2022-04-20 community collected micro,412755.0,marine sediment metagenome,metagenome,sediment [ENVO:00002007],2022-04-20 10:57:42,BPNS_So_220423,Annelien Rigaux,,ebb_tide,micro,20.0,4,,,Van Veen Grab,SoSOP3,Problem with underway data,2022-04-21 00:00:00,MSO LifeWatch Lab -80 Freezer,-80.0,Rune Lagaisse,0000-0001-9191-9144,,,Y,,,,,,,,,,EMOBON_BPNS_So_220423_micro_4
EMOBON-220420-BPNS-So3-Micro-B1,EMOBON metagenome sediment sample from station BPNS collected on 2022-04-20 community collected micro,32644.0,unidentified,metagenome,sediment [ENVO:00002007],2022-04-20 10:57:42,BPNS_So_220424,Annelien Rigaux,,ebb_tide,micro,20.0,blank,,,Van Veen Grab,SoSOP3,Problem with underway data,2022-04-21 00:00:00,MSO LifeWatch Lab -80 Freezer,-80.0,Rune Lagaisse,0000-0001-9191-9145,,,N,,,,,,,,,,EMOBON_BPNS_So_220424_micro_blank
EMOBON-220420-BPNS-So3-Micro-B2,EMOBON metagenome sediment sample from station BPNS collected on 2022-04-20 community collected micro,32644.0,unidentified,metagenome,sediment [ENVO:00002007],2022-04-20 10:57:42,BPNS_So_220425,Annelien Rigaux,,ebb_tide,micro,20.0,blank,,,Van Veen Grab,SoSOP3,Problem with underway data,2022-04-21 00:00:00,MSO LifeWatch Lab -80 Freezer,-80.0,Rune Lagaisse,0000-0001-9191-9146,,,N,,,,,,,,,,EMOBON_BPNS_So_220425_micro_blank
EMOBON-220420-BPNS-So3-Macro-R1,EMOBON mimarks-specimen sediment sample from station BPNS collected on 2022-04-20 community collected macro,33208.0,Metazoa ,mimarks-specimen,sediment [ENVO:00002007],2022-04-20 10:57:42,BPNS_So_220426,Annelien Rigaux,,ebb_tide,macro,20.0,1,,,Van Veen Grab,SoSOP3,Problem with underway data,2022-04-21 00:00:00,MSO LifeWatch Lab -20 Freezer 3,-20.0,Rune Lagaisse,0000-0001-9191-9147,,,N,,2022-09-26 00:00:00,2022-09-30,4.0,2023-06-01,2023-06-01,,,,EMOBON_BPNS_So_220426_macro_1
EMOBON-220420-BPNS-So3-Macro-R2,EMOBON mimarks-specimen sediment sample from station BPNS collected on 2022-04-20 community collected macro,33208.0,Metazoa ,mimarks-specimen,sediment [ENVO:00002007],2022-04-20 10:57:42,BPNS_So_220427,Annelien Rigaux,,ebb_tide,macro,20.0,2,,,Van Veen Grab,SoSOP3,Problem with underway data,2022-04-21 00:00:00,MSO LifeWatch Lab -20 Freezer 3,-20.0,Rune Lagaisse,0000-0001-9191-9148,,,N,,2022-09-26 00:00:00,2022-09-30,4.0,,,,,,EMOBON_BPNS_So_220427_macro_2
EMOBON-220420-BPNS-So3-Macro-R3,EMOBON mimarks-specimen sediment sample from station BPNS collected on 2022-04-20 community collected macro,33208.0,Metazoa ,mimarks-specimen,sediment [ENVO:00002007],2022-04-20 10:57:42,BPNS_So_220428,Annelien Rigaux,,ebb_tide,macro,20.0,3,,,Van Veen Grab,SoSOP3,Problem with underway data,2022-04-21 00:00:00,MSO LifeWatch Lab -20 Freezer 3,-20.0,Rune Lagaisse,0000-0001-9191-9149,,,Y,,,,,,,,,,EMOBON_BPNS_So_220428_macro_3
EMOBON-220420-BPNS-So3-Macro-R4,EMOBON mimarks-specimen sediment sample from station BPNS collected on 2022-04-20 community collected macro,33208.0,Metazoa ,mimarks-specimen,sediment [ENVO:00002007],2022-04-20 10:57:42,BPNS_So_220429,Annelien Rigaux,,ebb_tide,macro,20.0,4,,,Van Veen Grab,SoSOP3,Problem with underway data,2022-04-21 00:00:00,MSO LifeWatch Lab -20 Freezer 3,-20.0,Rune Lagaisse,0000-0001-9191-9150,,,Y,,,,,,,,,,EMOBON_BPNS_So_220429_macro_4
EMOBON-220420-BPNS-So3-Macro-B,EMOBON mimarks-specimen sediment sample from station BPNS collected on 2022-04-20 community collected macro,32644.0,unidentified,mimarks-specimen,sediment [ENVO:00002007],2022-04-20 10:57:42,BPNS_So_220430,Annelien Rigaux,,ebb_tide,macro,20.0,blank,,,Van Veen Grab,SoSOP3,Problem with underway data,2022-04-21 00:00:00,MSO LifeWatch Lab -20 Freezer 3,-20.0,Rune Lagaisse,0000-0001-9191-9151,,,N,,,,,,,,,,EMOBON_BPNS_So_220430_macro_blank
EMOBON-220420-BPNS-SoSOP3-Meio-R1,EMOBON mimarks-specimen sediment sample from station BPNS collected on 2022-04-20 community collected meio,33208.0,Metazoa ,mimarks-specimen,sediment [ENVO:00002007],2022-04-20 10:57:42,BPNS_So_220431,Annelien Rigaux,,ebb_tide,meio,20.0,1,0.32,,Van Veen Grab,SoSOP3,Problem with underway data,2022-04-28 00:00:00,"UGent MarBiol Freezer #11, Box#65",-20.0,Annelien Rigaux,,Lara Macheriotou,0000-0002-5662-5689,N,639.4,2022-10-03 00:00:00,2022-10-05,-20.0,2022-11-15,2022-11-16,,,,EMOBON_BPNS_So_220431_meio_1
EMOBON-220420-BPNS-SoSOP3-Meio-R2,EMOBON mimarks-specimen sediment sample from station BPNS collected on 2022-04-20 community collected meio,33208.0,Metazoa ,mimarks-specimen,sediment [ENVO:00002007],2022-04-20 10:57:42,BPNS_So_220432,Annelien Rigaux,,ebb_tide,meio,20.0,2,0.32,,Van Veen Grab,SoSOP3,Problem with underway data,2022-04-28 00:00:00,"UGent MarBiol Freezer #11, Box#65",-20.0,Annelien Rigaux,,Lara Macheriotou,0000-0002-5662-5689,N,627.8,2022-10-03 00:00:00,2022-10-05,-20.0,2022-11-15,2022-11-16,,,,EMOBON_BPNS_So_220432_meio_2
EMOBON-220420-BPNS-SoSOP3-Meio-R3,EMOBON mimarks-specimen sediment sample from station BPNS collected on 2022-04-20 community collected meio,33208.0,Metazoa ,mimarks-specimen,sediment [ENVO:00002007],2022-04-20 10:57:42,BPNS_So_220433,Annelien Rigaux,,ebb_tide,meio,20.0,3,0.32,,Van Veen Grab,SoSOP3,Problem with underway data,2022-04-28 00:00:00,"UGent MarBiol Freezer #11, Box#65",-20.0,Annelien Rigaux,,Lara Macheriotou,0000-0002-5662-5689,Y,598.6,,,,,,,,,EMOBON_BPNS_So_220433_meio_3
EMOBON-220420-BPNS-SoSOP3-Meio-R4,EMOBON mimarks-specimen sediment sample from station BPNS collected on 2022-04-20 community collected meio,33208.0,Metazoa ,mimarks-specimen,sediment [ENVO:00002007],2022-04-20 10:57:42,BPNS_So_220434,Annelien Rigaux,,ebb_tide,meio,20.0,4,0.32,,Van Veen Grab,SoSOP3,Problem with underway data,2022-04-28 00:00:00,"UGent MarBiol Freezer #11, Box#65",-20.0,Annelien Rigaux,,Lara Macheriotou,0000-0002-5662-5689,Y,650.0,,,,,,,,,EMOBON_BPNS_So_220434_meio_4
EMOBON-220420-BPNS-SoSOP3-Meio-B,EMOBON mimarks-specimen sediment sample from station BPNS collected on 2022-04-20 community collected meio,32644.0,unidentified,mimarks-specimen,sediment [ENVO:00002007],2022-04-20 10:57:42,BPNS_So_220435,Annelien Rigaux,,ebb_tide,meio,20.0,blank,0.32,,Van Veen Grab,SoSOP3,Problem with underway data,2022-04-28 00:00:00,"UGent MarBiol Freezer #11, Box#65",-20.0,Annelien Rigaux,,Lara Macheriotou,0000-0002-5662-5689,N,,,,,,,,,,EMOBON_BPNS_So_220435_meio_blank
EMOBON-220601-BPNS-So3-Micro-R1,EMOBON metagenome sediment sample from station BPNS collected on 2022-06-01 community collected micro,412755.0,marine sediment metagenome,metagenome,sediment [ENVO:00002007],2022-06-01 12:57:08,BPNS_So_220601,Rune Lagaisse,0000-0001-9191-9140,flood_tide,micro,20.3,1,,,Van Veen Grab,SoSOP3,,2022-06-01 10:00:00,MSO LifeWatch Lab -80 Freezer,-80.0,Rune Lagaisse,0000-0001-9191-9141,,,N,,2022-09-26 00:00:00,2022-09-30,-70.0,2022-07-18,2023-07-18,,,,EMOBON_BPNS_So_220601_micro_1
EMOBON-220601-BPNS-So3-Micro-R2,EMOBON metagenome sediment sample from station BPNS collected on 2022-06-01 community collected micro,412755.0,marine sediment metagenome,metagenome,sediment [ENVO:00002007],2022-06-01 12:57:08,BPNS_So_220601,Rune Lagaisse,0000-0001-9191-9140,flood_tide,micro,20.3,2,,,Van Veen Grab,SoSOP3,,2022-06-01 10:00:00,MSO LifeWatch Lab -80 Freezer,-80.0,Rune Lagaisse,0000-0001-9191-9142,,,N,,2022-09-26 00:00:00,2022-09-30,-70.0,2022-07-18,2023-07-18,,,,EMOBON_BPNS_So_220601_micro_2
EMOBON-220601-BPNS-So3-Micro-R3,EMOBON metagenome sediment sample from station BPNS collected on 2022-06-01 community collected micro,412755.0,marine sediment metagenome,metagenome,sediment [ENVO:00002007],2022-06-01 12:57:08,BPNS_So_220601,Rune Lagaisse,0000-0001-9191-9140,flood_tide,micro,20.3,3,,,Van Veen Grab,SoSOP3,,2022-06-01 10:00:00,MSO LifeWatch Lab -80 Freezer,-80.0,Rune Lagaisse,0000-0001-9191-9143,,,Y,,,,,,,,,,EMOBON_BPNS_So_220601_micro_3
EMOBON-220601-BPNS-So3-Micro-R4,EMOBON metagenome sediment sample from station BPNS collected on 2022-06-01 community collected micro,412755.0,marine sediment metagenome,metagenome,sediment [ENVO:00002007],2022-06-01 12:57:08,BPNS_So_220601,Rune Lagaisse,0000-0001-9191-9140,flood_tide,micro,20.3,4,,,Van Veen Grab,SoSOP3,,2022-06-01 10:00:00,MSO LifeWatch Lab -80 Freezer,-80.0,Rune Lagaisse,0000-0001-9191-9144,,,Y,,,,,,,,,,EMOBON_BPNS_So_220601_micro_4
EMOBON-220601-BPNS-So3-Micro-B1,EMOBON metagenome sediment sample from station BPNS collected on 2022-06-01 community collected micro,32644.0,unidentified,metagenome,sediment [ENVO:00002007],2022-06-01 12:57:08,BPNS_So_220601,Rune Lagaisse,0000-0001-9191-9140,flood_tide,micro,20.3,blank,,,Van Veen Grab,SoSOP3,,2022-06-01 10:00:00,MSO LifeWatch Lab -80 Freezer,-80.0,Rune Lagaisse,0000-0001-9191-9145,,,N,,,,,,,,,,EMOBON_BPNS_So_220601_micro_blank
EMOBON-220601-BPNS-So3-Micro-B2,EMOBON metagenome sediment sample from station BPNS collected on 2022-06-01 community collected micro,32644.0,unidentified,metagenome,sediment [ENVO:00002007],2022-06-01 12:57:08,BPNS_So_220601,Rune Lagaisse,0000-0001-9191-9140,flood_tide,micro,20.3,blank,,,Van Veen Grab,SoSOP3,,2022-06-01 10:00:00,MSO LifeWatch Lab -80 Freezer,-80.0,Rune Lagaisse,0000-0001-9191-9146,,,N,,,,,,,,,,EMOBON_BPNS_So_220601_micro_blank
EMOBON-220601-BPNS-SoSOP3-Meio-R1,EMOBON mimarks-specimen sediment sample from station BPNS collected on 2022-06-01 community collected meio,33208.0,Metazoa ,mimarks-specimen,sediment [ENVO:00002007],2022-06-01 12:57:08,BPNS_So_220601,Lara Macheriotou,0000-0002-5662-5689,flood_tide,meio,20.3,1,0.32,,Van Veen Grab,SoSOP3,,2022-06-01 10:00:00,"UGent MarBiol Freezer #11, Box#65",-20.0,Lara Macheriotou,0000-0002-5662-5689,,,N,302.5,2022-10-03 00:00:00,2022-10-05,-20.0,2022-11-15,2022-11-16,,,,EMOBON_BPNS_So_220601_meio_1
EMOBON-220601-BPNS-SoSOP3-Meio-R2,EMOBON mimarks-specimen sediment sample from station BPNS collected on 2022-06-01 community collected meio,33208.0,Metazoa ,mimarks-specimen,sediment [ENVO:00002007],2022-06-01 12:57:08,BPNS_So_220601,Lara Macheriotou,0000-0002-5662-5689,flood_tide,meio,20.3,2,0.32,,Van Veen Grab,SoSOP3,,2022-06-01 10:00:00,"UGent MarBiol Freezer #11, Box#66",-20.0,Lara Macheriotou,0000-0002-5662-5689,,,N,248.9,2022-10-03 00:00:00,2022-10-05,-20.0,2022-11-15,2022-11-16,,,,EMOBON_BPNS_So_220601_meio_2
EMOBON-220601-BPNS-SoSOP3-Meio-R3,EMOBON mimarks-specimen sediment sample from station BPNS collected on 2022-06-01 community collected meio,33208.0,Metazoa ,mimarks-specimen,sediment [ENVO:00002007],2022-06-01 12:57:08,BPNS_So_220601,Lara Macheriotou,0000-0002-5662-5689,flood_tide,meio,20.3,3,0.32,,Van Veen Grab,SoSOP3,,2022-06-01 10:00:00,"UGent MarBiol Freezer #11, Box#67",-20.0,Lara Macheriotou,0000-0002-5662-5689,,,Y,282.7,,,,,,,,,EMOBON_BPNS_So_220601_meio_3
EMOBON-220601-BPNS-SoSOP3-Meio-R4,EMOBON mimarks-specimen sediment sample from station BPNS collected on 2022-06-01 community collected meio,33208.0,Metazoa ,mimarks-specimen,sediment [ENVO:00002007],2022-06-01 12:57:08,BPNS_So_220601,Lara Macheriotou,0000-0002-5662-5689,flood_tide,meio,20.3,4,0.32,,Van Veen Grab,SoSOP3,,2022-06-01 10:00:00,"UGent MarBiol Freezer #11, Box#68",-20.0,Lara Macheriotou,0000-0002-5662-5689,,,Y,329.4,,,,,,,,,EMOBON_BPNS_So_220601_meio_4
EMOBON-220601-BPNS-SoSOP3-Meio-B,EMOBON mimarks-specimen sediment sample from station BPNS collected on 2022-06-01 community collected meio,32644.0,unidentified,mimarks-specimen,sediment [ENVO:00002007],2022-06-01 12:57:08,BPNS_So_220601,Lara Macheriotou,0000-0002-5662-5689,flood_tide,meio,20.3,blank,0.32,,Van Veen Grab,SoSOP3,,2022-06-01 10:00:00,"UGent MarBiol Freezer #11, Box#69",-20.0,Lara Macheriotou,0000-0002-5662-5689,,,N,,,,,,,,,,EMOBON_BPNS_So_220601_meio_blank
EMOBON-220819-BPNS-So3-Micro-R1,EMOBON metagenome sediment sample from station BPNS collected on 2022-08-19 community collected micro,412755.0,marine sediment metagenome,metagenome,sediment [ENVO:00002007],2022-08-19 00:00:00,BPNS_So_220601,Rune Lagaisse,0000-0001-9191-9140,flood_tide,micro,19.9,1,,,Van Veen Grab,SoSOP3,"Winch issues, no Van Veen possible",,,,,,,,,,,,,,,T,"sampling failed; Winch issues, no Van Veen possible",,EMOBON_BPNS_So_220601_micro_1
EMOBON-220819-BPNS-So3-Micro-R2,EMOBON metagenome sediment sample from station BPNS collected on 2022-08-19 community collected micro,412755.0,marine sediment metagenome,metagenome,sediment [ENVO:00002007],2022-08-19 00:00:00,BPNS_So_220601,Rune Lagaisse,0000-0001-9191-9140,flood_tide,micro,19.9,2,,,Van Veen Grab,SoSOP3,"Winch issues, no Van Veen possible",,,,,,,,,,,,,,,T,"sampling failed; Winch issues, no Van Veen possible",,EMOBON_BPNS_So_220601_micro_2
EMOBON-220819-BPNS-So3-Micro-R3,EMOBON metagenome sediment sample from station BPNS collected on 2022-08-19 community collected micro,412755.0,marine sediment metagenome,metagenome,sediment [ENVO:00002007],2022-08-19 00:00:00,BPNS_So_220601,Rune Lagaisse,0000-0001-9191-9140,flood_tide,micro,19.9,3,,,Van Veen Grab,SoSOP3,"Winch issues, no Van Veen possible",,,,,,,,,,,,,,,T,"sampling failed; Winch issues, no Van Veen possible",,EMOBON_BPNS_So_220601_micro_3
EMOBON-220819-BPNS-So3-Micro-R4,EMOBON metagenome sediment sample from station BPNS collected on 2022-08-19 community collected micro,412755.0,marine sediment metagenome,metagenome,sediment [ENVO:00002007],2022-08-19 00:00:00,BPNS_So_220601,Rune Lagaisse,0000-0001-9191-9140,flood_tide,micro,19.9,4,,,Van Veen Grab,SoSOP3,"Winch issues, no Van Veen possible",,,,,,,,,,,,,,,T,"sampling failed; Winch issues, no Van Veen possible",,EMOBON_BPNS_So_220601_micro_4
EMOBON-220819-BPNS-So3-Micro-B1,EMOBON metagenome sediment sample from station BPNS collected on 2022-08-19 community collected micro,32644.0,unidentified,metagenome,sediment [ENVO:00002007],2022-08-19 00:00:00,BPNS_So_220601,Rune Lagaisse,0000-0001-9191-9140,flood_tide,micro,19.9,blank,,,Van Veen Grab,SoSOP3,"Winch issues, no Van Veen possible",,,,,,,,,,,,,,,T,"sampling failed; Winch issues, no Van Veen possible",,EMOBON_BPNS_So_220601_micro_blank
EMOBON-220819-BPNS-So3-Micro-B2,EMOBON metagenome sediment sample from station BPNS collected on 2022-08-19 community collected micro,32644.0,unidentified,metagenome,sediment [ENVO:00002007],2022-08-19 00:00:00,BPNS_So_220601,Rune Lagaisse,0000-0001-9191-9140,flood_tide,micro,19.9,blank,,,Van Veen Grab,SoSOP3,"Winch issues, no Van Veen possible",,,,,,,,,,,,,,,T,"sampling failed; Winch issues, no Van Veen possible",,EMOBON_BPNS_So_220601_micro_blank
EMOBON-221027-BPNS-So3-Micro-R1,EMOBON metagenome sediment sample from station BPNS collected on 2022-10-27 community collected micro,412755.0,marine sediment metagenome,metagenome,sediment [ENVO:00002007],2022-10-27 00:00:00,BPNS_So_221027,Rune Lagaisse,0000-0001-9191-9140,,micro,20.0,1,,,Van Veen Grab,SoSOP3,Problem with underway data,2022-10-27 16:46:00,MSO LifeWatch Lab -80 Freezer,-80.0,Rune Lagaisse,0000-0001-9191-9141,,,N,,2023-06-13 00:00:00,2023-06-19,-70.0,,,,,,EMOBON_BPNS_So_221027_micro_1
EMOBON-221027-BPNS-So3-Micro-R2,EMOBON metagenome sediment sample from station BPNS collected on 2022-10-27 community collected micro,412755.0,marine sediment metagenome,metagenome,sediment [ENVO:00002007],2022-10-27 00:00:00,BPNS_So_221027,Rune Lagaisse,0000-0001-9191-9140,,micro,20.0,2,,,Van Veen Grab,SoSOP3,Problem with underway data,2022-10-27 16:46:00,MSO LifeWatch Lab -80 Freezer,-80.0,Rune Lagaisse,0000-0001-9191-9142,,,N,,2023-06-13 00:00:00,2023-06-19,-70.0,,,,,,EMOBON_BPNS_So_221027_micro_2
EMOBON-221027-BPNS-So3-Micro-R3,EMOBON metagenome sediment sample from station BPNS collected on 2022-10-27 community collected micro,412755.0,marine sediment metagenome,metagenome,sediment [ENVO:00002007],2022-10-27 00:00:00,BPNS_So_221027,Rune Lagaisse,0000-0001-9191-9140,,micro,20.0,3,,,Van Veen Grab,SoSOP3,Problem with underway data,2022-10-27 16:46:00,MSO LifeWatch Lab -80 Freezer,-80.0,Rune Lagaisse,0000-0001-9191-9143,,,Y,,,,,,,,,,EMOBON_BPNS_So_221027_micro_3
EMOBON-221027-BPNS-So3-Micro-R4,EMOBON metagenome sediment sample from station BPNS collected on 2022-10-27 community collected micro,412755.0,marine sediment metagenome,metagenome,sediment [ENVO:00002007],2022-10-27 00:00:00,BPNS_So_221027,Rune Lagaisse,0000-0001-9191-9140,,micro,20.0,4,,,Van Veen Grab,SoSOP3,Problem with underway data,2022-10-27 16:46:00,MSO LifeWatch Lab -80 Freezer,-80.0,Rune Lagaisse,0000-0001-9191-9144,,,Y,,,,,,,,,,EMOBON_BPNS_So_221027_micro_4
EMOBON-221027-BPNS-So3-Micro-B1,EMOBON metagenome sediment sample from station BPNS collected on 2022-10-27 community collected micro,32644.0,unidentified,metagenome,sediment [ENVO:00002007],2022-10-27 00:00:00,BPNS_So_221027,Rune Lagaisse,0000-0001-9191-9140,,micro,20.0,blank,,,Van Veen Grab,SoSOP3,Problem with underway data,2022-10-27 16:46:00,MSO LifeWatch Lab -80 Freezer,-80.0,Rune Lagaisse,0000-0001-9191-9145,,,N,,,,,,,,,,EMOBON_BPNS_So_221027_micro_blank
EMOBON-221027-BPNS-So3-Micro-B2,EMOBON metagenome sediment sample from station BPNS collected on 2022-10-27 community collected micro,32644.0,unidentified,metagenome,sediment [ENVO:00002007],2022-10-27 00:00:00,BPNS_So_221027,Rune Lagaisse,0000-0001-9191-9140,,micro,20.0,blank,,,Van Veen Grab,SoSOP3,Problem with underway data,2022-10-27 16:46:00,MSO LifeWatch Lab -80 Freezer,-80.0,Rune Lagaisse,0000-0001-9191-9146,,,N,,,,,,,,,,EMOBON_BPNS_So_221027_micro_blank
EMOBON-221027-BPNS-So3-Macro-R1,EMOBON mimarks-specimen sediment sample from station BPNS collected on 2022-10-27 community collected macro,33208.0,Metazoa ,mimarks-specimen,sediment [ENVO:00002007],2022-10-27 00:00:00,BPNS_So_221027,Rune Lagaisse,0000-0001-9191-9140,,macro,20.0,1,,,Van Veen Grab,SoSOP3,Problem with underway data,2022-10-27 16:46:00,MSO LifeWatch Lab -20 Freezer 3,-20.0,Rune Lagaisse,0000-0001-9191-9147,,,N,,to_arrive_Sep_2023,,,,,,,,EMOBON_BPNS_So_221027_macro_1
EMOBON-221027-BPNS-So3-Macro-R2,EMOBON mimarks-specimen sediment sample from station BPNS collected on 2022-10-27 community collected macro,33208.0,Metazoa ,mimarks-specimen,sediment [ENVO:00002007],2022-10-27 00:00:00,BPNS_So_221027,Rune Lagaisse,0000-0001-9191-9140,,macro,20.0,2,,,Van Veen Grab,SoSOP3,Problem with underway data,2022-10-27 16:46:00,MSO LifeWatch Lab -20 Freezer 3,-20.0,Rune Lagaisse,0000-0001-9191-9148,,,N,,to_arrive_Sep_2023,,,,,,,,EMOBON_BPNS_So_221027_macro_2
EMOBON-221027-BPNS-So3-Macro-R3,EMOBON mimarks-specimen sediment sample from station BPNS collected on 2022-10-27 community collected macro,33208.0,Metazoa ,mimarks-specimen,sediment [ENVO:00002007],2022-10-27 00:00:00,BPNS_So_221027,Rune Lagaisse,0000-0001-9191-9140,,macro,20.0,3,,,Van Veen Grab,SoSOP3,Problem with underway data,2022-10-27 16:46:00,MSO LifeWatch Lab -20 Freezer 3,-20.0,Rune Lagaisse,0000-0001-9191-9149,,,Y,,,,,,,,,,EMOBON_BPNS_So_221027_macro_3
EMOBON-221027-BPNS-So3-Macro-R4,EMOBON mimarks-specimen sediment sample from station BPNS collected on 2022-10-27 community collected macro,33208.0,Metazoa ,mimarks-specimen,sediment [ENVO:00002007],2022-10-27 00:00:00,BPNS_So_221027,Rune Lagaisse,0000-0001-9191-9140,,macro,20.0,4,,,Van Veen Grab,SoSOP3,Problem with underway data,2022-10-27 16:46:00,MSO LifeWatch Lab -20 Freezer 3,-20.0,Rune Lagaisse,0000-0001-9191-9150,,,Y,,,,,,,,,,EMOBON_BPNS_So_221027_macro_4
EMOBON-221027-BPNS-So3-Macro-B,EMOBON mimarks-specimen sediment sample from station BPNS collected on 2022-10-27 community collected macro,32644.0,unidentified,mimarks-specimen,sediment [ENVO:00002007],2022-10-27 00:00:00,BPNS_So_221027,Rune Lagaisse,0000-0001-9191-9140,,macro,20.0,blank,,,Van Veen Grab,SoSOP3,Problem with underway data,2022-10-27 16:46:00,MSO LifeWatch Lab -20 Freezer 3,-20.0,Rune Lagaisse,0000-0001-9191-9151,,,N,,,,,,,,,,EMOBON_BPNS_So_221027_macro_blank
EMOBON-221027-BPNS-SoSOP3-Meio-R1,EMOBON mimarks-specimen sediment sample from station BPNS collected on 2022-10-27 community collected meio,33208.0,Metazoa ,mimarks-specimen,sediment [ENVO:00002007],2022-10-27 00:00:00,BPNS_So_221027,Rune Lagaisse,0000-0001-9191-9140,,meio,20.0,1,0.32,,Van Veen Grab,SoSOP3,Problem with underway data,2022-10-27 00:00:00,"UGent MarBiol Freezer #11, Box#65",-20.0,Annelien Rigaux,,Lara Macheriotou,0000-0002-5662-5689,N,,to_arrive_Sep_2023,,,,,,,,EMOBON_BPNS_So_221027_meio_1
EMOBON-221027-BPNS-SoSOP3-Meio-R2,EMOBON mimarks-specimen sediment sample from station BPNS collected on 2022-10-27 community collected meio,33208.0,Metazoa ,mimarks-specimen,sediment [ENVO:00002007],2022-10-27 00:00:00,BPNS_So_221027,Rune Lagaisse,0000-0001-9191-9140,,meio,20.0,2,0.32,,Van Veen Grab,SoSOP3,Problem with underway data,2022-10-27 00:00:00,"UGent MarBiol Freezer #11, Box#65",-20.0,Annelien Rigaux,,Lara Macheriotou,0000-0002-5662-5689,N,,to_arrive_Sep_2023,,,,,,,,EMOBON_BPNS_So_221027_meio_2
EMOBON-221027-BPNS-SoSOP3-Meio-R3,EMOBON mimarks-specimen sediment sample from station BPNS collected on 2022-10-27 community collected meio,33208.0,Metazoa ,mimarks-specimen,sediment [ENVO:00002007],2022-10-27 00:00:00,BPNS_So_221027,Rune Lagaisse,0000-0001-9191-9140,,meio,20.0,3,0.32,,Van Veen Grab,SoSOP3,Problem with underway data,2022-10-27 00:00:00,"UGent MarBiol Freezer #11, Box#65",-20.0,Annelien Rigaux,,Lara Macheriotou,0000-0002-5662-5689,Y,,,,,,,,,,EMOBON_BPNS_So_221027_meio_3
EMOBON-221027-BPNS-SoSOP3-Meio-R4,EMOBON mimarks-specimen sediment sample from station BPNS collected on 2022-10-27 community collected meio,33208.0,Metazoa ,mimarks-specimen,sediment [ENVO:00002007],2022-10-27 00:00:00,BPNS_So_221027,Rune Lagaisse,0000-0001-9191-9140,,meio,20.0,4,0.32,,Van Veen Grab,SoSOP3,Problem with underway data,2022-10-27 00:00:00,"UGent MarBiol Freezer #11, Box#65",-20.0,Annelien Rigaux,,Lara Macheriotou,0000-0002-5662-5689,Y,,,,,,,,,,EMOBON_BPNS_So_221027_meio_4
EMOBON-221027-BPNS-SoSOP3-Meio-B,EMOBON mimarks-specimen sediment sample from station BPNS collected on 2022-10-27 community collected meio,32644.0,unidentified,mimarks-specimen,sediment [ENVO:00002007],2022-10-27 00:00:00,BPNS_So_221027,Rune Lagaisse,0000-0001-9191-9140,,meio,20.0,blank,0.32,,Van Veen Grab,SoSOP3,Problem with underway data,2022-10-27 00:00:00,"UGent MarBiol Freezer #11, Box#65",-20.0,Annelien Rigaux,,Lara Macheriotou,0000-0002-5662-5689,N,,,,,,,,,,EMOBON_BPNS_So_221027_meio_blank
EMOBON-221212-BPNS-So3-Micro-R1,EMOBON metagenome sediment sample from station BPNS collected on 2022-12-12 community collected micro,412755.0,marine sediment metagenome,metagenome,sediment [ENVO:00002007],2022-12-12 00:00:00,BPNS_So_221212,Rune Lagaisse,0000-0001-9191-9140,,micro,,1,,,Van Veen Grab,SoSOP3,,2022-12-14 15:56:00,MSO LifeWatch Lab -80 Freezer,-80.0,Rune Lagaisse,0000-0001-9191-9141,,,N,,2023-06-13 00:00:00,2023-06-19,-70.0,,,,,,EMOBON_BPNS_So_221212_micro_1
EMOBON-221212-BPNS-So3-Micro-R2,EMOBON metagenome sediment sample from station BPNS collected on 2022-12-12 community collected micro,412755.0,marine sediment metagenome,metagenome,sediment [ENVO:00002007],2022-12-12 00:00:00,BPNS_So_221212,Rune Lagaisse,0000-0001-9191-9140,,micro,,2,,,Van Veen Grab,SoSOP3,,2022-12-14 15:56:00,MSO LifeWatch Lab -80 Freezer,-80.0,Rune Lagaisse,0000-0001-9191-9142,,,N,,2023-06-13 00:00:00,2023-06-19,-70.0,,,,,,EMOBON_BPNS_So_221212_micro_2
EMOBON-221212-BPNS-So3-Micro-R3,EMOBON metagenome sediment sample from station BPNS collected on 2022-12-12 community collected micro,412755.0,marine sediment metagenome,metagenome,sediment [ENVO:00002007],2022-12-12 00:00:00,BPNS_So_221212,Rune Lagaisse,0000-0001-9191-9140,,micro,,3,,,Van Veen Grab,SoSOP3,,2022-12-14 15:56:00,MSO LifeWatch Lab -80 Freezer,-80.0,Rune Lagaisse,0000-0001-9191-9143,,,Y,,,,,,,,,,EMOBON_BPNS_So_221212_micro_3
EMOBON-221212-BPNS-So3-Micro-R4,EMOBON metagenome sediment sample from station BPNS collected on 2022-12-12 community collected micro,412755.0,marine sediment metagenome,metagenome,sediment [ENVO:00002007],2022-12-12 00:00:00,BPNS_So_221212,Rune Lagaisse,0000-0001-9191-9140,,micro,,4,,,Van Veen Grab,SoSOP3,,2022-12-14 15:56:00,MSO LifeWatch Lab -80 Freezer,-80.0,Rune Lagaisse,0000-0001-9191-9144,,,Y,,,,,,,,,,EMOBON_BPNS_So_221212_micro_4
EMOBON-221212-BPNS-So3-Micro-B1,EMOBON metagenome sediment sample from station BPNS collected on 2022-12-12 community collected micro,32644.0,unidentified,metagenome,sediment [ENVO:00002007],2022-12-12 00:00:00,BPNS_So_221212,Rune Lagaisse,0000-0001-9191-9140,,micro,,blank,,,Van Veen Grab,SoSOP3,,2022-12-14 15:56:00,MSO LifeWatch Lab -80 Freezer,-80.0,Rune Lagaisse,0000-0001-9191-9145,,,N,,,,,,,,,,EMOBON_BPNS_So_221212_micro_blank
EMOBON-221212-BPNS-So3-Micro-B2,EMOBON metagenome sediment sample from station BPNS collected on 2022-12-12 community collected micro,32644.0,unidentified,metagenome,sediment [ENVO:00002007],2022-12-12 00:00:00,BPNS_So_221212,Rune Lagaisse,0000-0001-9191-9140,,micro,,blank,,,Van Veen Grab,SoSOP3,,2022-12-14 15:56:00,MSO LifeWatch Lab -80 Freezer,-80.0,Rune Lagaisse,0000-0001-9191-9146,,,N,,,,,,,,,,EMOBON_BPNS_So_221212_micro_blank
EMOBON-221212-BPNS-So3-Micro-B1,EMOBON metagenome sediment sample from station BPNS collected on 2022-12-12 community collected micro,32644.0,unidentified,metagenome,sediment [ENVO:00002007],2022-12-12 00:00:00,BPNS_So_230425,Rune Lagaisse,0000-0001-9191-9140,,micro,,1,,,Van Veen Grab,SoSOP3,,2023-04-27 00:00:00,MSO LifeWatch Lab -80 Freezer,-80.0,Rune Lagaisse,0000-0001-9191-9142,,,N,,,,,,,,,,EMOBON_BPNS_So_230425_micro_1
EMOBON-221212-BPNS-So3-Macro-R1,EMOBON mimarks-specimen sediment sample from station BPNS collected on 2022-12-12 community collected macro,33208.0,Metazoa ,mimarks-specimen,sediment [ENVO:00002007],2022-12-12 00:00:00,BPNS_So_230425,Rune Lagaisse,0000-0001-9191-9140,,macro,,1,,,Van Veen Grab,SoSOP3,,2023-04-27 00:00:00,MSO LifeWatch Lab -80 Freezer,-80.0,Rune Lagaisse,0000-0001-9191-9142,,,N,,to_arrive_Sep_2023,,,,,,,,EMOBON_BPNS_So_230425_macro_1
EMOBON-221212-BPNS-So3-Macro-R2,EMOBON mimarks-specimen sediment sample from station BPNS collected on 2022-12-12 community collected macro,33208.0,Metazoa ,mimarks-specimen,sediment [ENVO:00002007],2022-12-12 00:00:00,BPNS_So_230425,Rune Lagaisse,0000-0001-9191-9140,,macro,,2,,,Van Veen Grab,SoSOP3,,2023-04-27 00:00:00,MSO LifeWatch Lab -80 Freezer,-80.0,Rune Lagaisse,0000-0001-9191-9143,,,N,,to_arrive_Sep_2023,,,,,,,,EMOBON_BPNS_So_230425_macro_2
EMOBON-221212-BPNS-So3-Macro-R3,EMOBON mimarks-specimen sediment sample from station BPNS collected on 2022-12-12 community collected macro,33208.0,Metazoa ,mimarks-specimen,sediment [ENVO:00002007],2022-12-12 00:00:00,BPNS_So_230425,Rune Lagaisse,0000-0001-9191-9140,,macro,,3,,,Van Veen Grab,SoSOP3,,2023-04-27 00:00:00,MSO LifeWatch Lab -80 Freezer,-80.0,Rune Lagaisse,0000-0001-9191-9144,,,Y,,,,,,,,,,EMOBON_BPNS_So_230425_macro_3
EMOBON-221212-BPNS-So3-Macro-R4,EMOBON mimarks-specimen sediment sample from station BPNS collected on 2022-12-12 community collected macro,33208.0,Metazoa ,mimarks-specimen,sediment [ENVO:00002007],2022-12-12 00:00:00,BPNS_So_230425,Rune Lagaisse,0000-0001-9191-9140,,macro,,4,,,Van Veen Grab,SoSOP3,,2023-04-27 00:00:00,MSO LifeWatch Lab -80 Freezer,-80.0,Rune Lagaisse,0000-0001-9191-9145,,,Y,,,,,,,,,,EMOBON_BPNS_So_230425_macro_4
EMOBON-221212-BPNS-So3-Macro-B,EMOBON mimarks-specimen sediment sample from station BPNS collected on 2022-12-12 community collected macro,32644.0,unidentified,mimarks-specimen,sediment [ENVO:00002007],2022-12-12 00:00:00,BPNS_So_230425,Rune Lagaisse,0000-0001-9191-9140,,macro,,blank,,,Van Veen Grab,SoSOP3,,2023-04-27 00:00:00,MSO LifeWatch Lab -80 Freezer,-80.0,Rune Lagaisse,0000-0001-9191-9146,,,N,,,,,,,,,,EMOBON_BPNS_So_230425_macro_blank
EMOBON-230216-BPNS-So3-Micro-R1,EMOBON metagenome sediment sample from station BPNS collected on 2023-02-16 community collected micro,412755.0,marine sediment metagenome,metagenome,sediment [ENVO:00002007],2023-02-16 00:00:00,BPNS_So_230216,Rune Lagaisse,0000-0001-9191-9140,,micro,,1,,,Van Veen Grab,SoSOP3,,2023-02-16 16:15:00,MSO LifeWatch Lab -80 Freezer,-80.0,Rune Lagaisse,0000-0001-9191-9141,,,N,,2023-06-13 00:00:00,2023-06-19,-70.0,,,,,,EMOBON_BPNS_So_230216_micro_1
EMOBON-230216-BPNS-So3-Micro-R2,EMOBON metagenome sediment sample from station BPNS collected on 2023-02-16 community collected micro,412755.0,marine sediment metagenome,metagenome,sediment [ENVO:00002007],2023-02-16 00:00:00,BPNS_So_230216,Rune Lagaisse,0000-0001-9191-9140,,micro,,2,,,Van Veen Grab,SoSOP3,,2023-02-16 16:15:00,MSO LifeWatch Lab -80 Freezer,-80.0,Rune Lagaisse,0000-0001-9191-9142,,,N,,2023-06-13 00:00:00,2023-06-19,-70.0,,,,,,EMOBON_BPNS_So_230216_micro_2
EMOBON-230216-BPNS-So3-Micro-R3,EMOBON metagenome sediment sample from station BPNS collected on 2023-02-16 community collected micro,412755.0,marine sediment metagenome,metagenome,sediment [ENVO:00002007],2023-02-16 00:00:00,BPNS_So_230216,Rune Lagaisse,0000-0001-9191-9140,,micro,,3,,,Van Veen Grab,SoSOP3,,2023-02-16 16:15:00,MSO LifeWatch Lab -80 Freezer,-80.0,Rune Lagaisse,0000-0001-9191-9143,,,Y,,,,,,,,,,EMOBON_BPNS_So_230216_micro_3
EMOBON-230216-BPNS-So3-Micro-R4,EMOBON metagenome sediment sample from station BPNS collected on 2023-02-16 community collected micro,412755.0,marine sediment metagenome,metagenome,sediment [ENVO:00002007],2023-02-16 00:00:00,BPNS_So_230216,Rune Lagaisse,0000-0001-9191-9140,,micro,,4,,,Van Veen Grab,SoSOP3,,2023-02-16 16:15:00,MSO LifeWatch Lab -80 Freezer,-80.0,Rune Lagaisse,0000-0001-9191-9144,,,Y,,,,,,,,,,EMOBON_BPNS_So_230216_micro_4
EMOBON-230216-BPNS-So3-Micro-B1,EMOBON metagenome sediment sample from station BPNS collected on 2023-02-16 community collected micro,32644.0,unidentified,metagenome,sediment [ENVO:00002007],2023-02-16 00:00:00,BPNS_So_230216,Rune Lagaisse,0000-0001-9191-9140,,micro,,blank,,,Van Veen Grab,SoSOP3,,2023-02-16 16:15:00,MSO LifeWatch Lab -80 Freezer,-80.0,Rune Lagaisse,0000-0001-9191-9145,,,N,,,,,,,,,,EMOBON_BPNS_So_230216_micro_blank
EMOBON-230216-BPNS-So3-Micro-B2,EMOBON metagenome sediment sample from station BPNS collected on 2023-02-16 community collected micro,32644.0,unidentified,metagenome,sediment [ENVO:00002007],2023-02-16 00:00:00,BPNS_So_230216,Rune Lagaisse,0000-0001-9191-9140,,micro,,blank,,,Van Veen Grab,SoSOP3,,2023-02-16 16:15:00,MSO LifeWatch Lab -80 Freezer,-80.0,Rune Lagaisse,0000-0001-9191-9146,,,N,,,,,,,,,,EMOBON_BPNS_So_230216_micro_blank
EMOBON-230425-BPNS-So3-Micro-R1,EMOBON metagenome sediment sample from station BPNS collected on 2023-04-25 community collected micro,412755.0,marine sediment metagenome,metagenome,sediment [ENVO:00002007],2023-04-25 00:00:00,BPNS_So_230425,Rune Lagaisse,0000-0001-9191-9140,,micro,,1,,,Van Veen Grab,SoSOP3,,2023-04-27 00:00:00,MSO LifeWatch Lab -80 Freezer,-80.0,Rune Lagaisse,0000-0001-9191-9142,,,N,,2023-06-13 00:00:00,2023-06-19,-70.0,,,,,,EMOBON_BPNS_So_230425_micro_1
EMOBON-230425-BPNS-So3-Micro-R2,EMOBON metagenome sediment sample from station BPNS collected on 2023-04-25 community collected micro,412755.0,marine sediment metagenome,metagenome,sediment [ENVO:00002007],2023-04-25 00:00:00,BPNS_So_230425,Rune Lagaisse,0000-0001-9191-9140,,micro,,2,,,Van Veen Grab,SoSOP3,,2023-04-27 00:00:00,MSO LifeWatch Lab -80 Freezer,-80.0,Rune Lagaisse,0000-0001-9191-9143,,,N,,2023-06-13 00:00:00,2023-06-19,-70.0,,,,,,EMOBON_BPNS_So_230425_micro_2
EMOBON-230425-BPNS-So3-Micro-R3,EMOBON metagenome sediment sample from station BPNS collected on 2023-04-25 community collected micro,412755.0,marine sediment metagenome,metagenome,sediment [ENVO:00002007],2023-04-25 00:00:00,BPNS_So_230425,Rune Lagaisse,0000-0001-9191-9140,,micro,,3,,,Van Veen Grab,SoSOP3,,2023-04-27 00:00:00,MSO LifeWatch Lab -80 Freezer,-80.0,Rune Lagaisse,0000-0001-9191-9144,,,Y,,,,,,,,,,EMOBON_BPNS_So_230425_micro_3
EMOBON-230425-BPNS-So3-Micro-R4,EMOBON metagenome sediment sample from station BPNS collected on 2023-04-25 community collected micro,412755.0,marine sediment metagenome,metagenome,sediment [ENVO:00002007],2023-04-25 00:00:00,BPNS_So_230425,Rune Lagaisse,0000-0001-9191-9140,,micro,,4,,,Van Veen Grab,SoSOP3,,2023-04-27 00:00:00,MSO LifeWatch Lab -80 Freezer,-80.0,Rune Lagaisse,0000-0001-9191-9145,,,Y,,,,,,,,,,EMOBON_BPNS_So_230425_micro_4
EMOBON-230425-BPNS-So3-Micro-B1,EMOBON metagenome sediment sample from station BPNS collected on 2023-04-25 community collected micro,32644.0,unidentified,metagenome,sediment [ENVO:00002007],2023-04-25 00:00:00,BPNS_So_230425,Rune Lagaisse,0000-0001-9191-9140,,micro,,blank,,,Van Veen Grab,SoSOP3,,2023-04-27 00:00:00,MSO LifeWatch Lab -80 Freezer,-80.0,Rune Lagaisse,0000-0001-9191-9146,,,N,,,,,,,,,,EMOBON_BPNS_So_230425_micro_blank
EMOBON-230425-BPNS-So3-Micro-B2,EMOBON metagenome sediment sample from station BPNS collected on 2023-04-25 community collected micro,32644.0,unidentified,metagenome,sediment [ENVO:00002007],2023-04-25 00:00:00,BPNS_So_230425,Rune Lagaisse,0000-0001-9191-9140,,micro,,blank,,,Van Veen Grab,SoSOP3,,2023-04-27 00:00:00,MSO LifeWatch Lab -80 Freezer,-80.0,Rune Lagaisse,0000-0001-9191-9142,,,N,,,,,,,,,,EMOBON_BPNS_So_230425_micro_blank
EMOBON-230425-BPNS-So3-Macro-R1,EMOBON mimarks-specimen sediment sample from station BPNS collected on 2023-04-25 community collected macro,33208.0,Metazoa ,mimarks-specimen,sediment [ENVO:00002007],2023-04-25 00:00:00,BPNS_So_230425,Lara Macheriotou,0000-0002-5662-5689,,macro,,1,,,Van Veen Grab,SoSOP3,,2023-04-27 00:00:00,MSO LifeWatch Lab -20 Freezer 3,-20.0,Rune Lagaisse,0000-0001-9191-9142,,,N,,to_arrive_Sep_2023,,,,,,,,EMOBON_BPNS_So_230425_macro_1
EMOBON-230425-BPNS-So3-Macro-R2,EMOBON mimarks-specimen sediment sample from station BPNS collected on 2023-04-25 community collected macro,33208.0,Metazoa ,mimarks-specimen,sediment [ENVO:00002007],2023-04-25 00:00:00,BPNS_So_230425,Lara Macheriotou,0000-0002-5662-5689,,macro,,2,,,Van Veen Grab,SoSOP3,,2023-04-27 00:00:00,MSO LifeWatch Lab -20 Freezer 3,-20.0,Rune Lagaisse,0000-0001-9191-9143,,,N,,to_arrive_Sep_2023,,,,,,,,EMOBON_BPNS_So_230425_macro_2
EMOBON-230425-BPNS-So3-Macro-R3,EMOBON mimarks-specimen sediment sample from station BPNS collected on 2023-04-25 community collected macro,33208.0,Metazoa ,mimarks-specimen,sediment [ENVO:00002007],2023-04-25 00:00:00,BPNS_So_230425,Lara Macheriotou,0000-0002-5662-5689,,macro,,3,,,Van Veen Grab,SoSOP3,,2023-04-27 00:00:00,MSO LifeWatch Lab -20 Freezer 3,-20.0,Rune Lagaisse,0000-0001-9191-9144,,,Y,,,,,,,,,,EMOBON_BPNS_So_230425_macro_3
EMOBON-230425-BPNS-So3-Macro-R4,EMOBON mimarks-specimen sediment sample from station BPNS collected on 2023-04-25 community collected macro,33208.0,Metazoa ,mimarks-specimen,sediment [ENVO:00002007],2023-04-25 00:00:00,BPNS_So_230425,Lara Macheriotou,0000-0002-5662-5689,,macro,,4,,,Van Veen Grab,SoSOP3,,2023-04-27 00:00:00,MSO LifeWatch Lab -20 Freezer 3,-20.0,Rune Lagaisse,0000-0001-9191-9145,,,Y,,,,,,,,,,EMOBON_BPNS_So_230425_macro_4
EMOBON-230425-BPNS-So3-Macro-B,EMOBON mimarks-specimen sediment sample from station BPNS collected on 2023-04-25 community collected macro,32644.0,unidentified,mimarks-specimen,sediment [ENVO:00002007],2023-04-25 00:00:00,BPNS_So_230425,Lara Macheriotou,0000-0002-5662-5689,,macro,,blank,,,Van Veen Grab,SoSOP4,,2023-04-27 00:00:00,MSO LifeWatch Lab -20 Freezer 3,-20.0,Rune Lagaisse,0000-0001-9191-9146,,,N,,,,,,,,,,EMOBON_BPNS_So_230425_macro_blank
EMOBON-230425-BPNS-So3-Meio-R1,EMOBON mimarks-specimen sediment sample from station BPNS collected on 2023-04-25 community collected meio,33208.0,Metazoa ,mimarks-specimen,sediment [ENVO:00002007],2023-04-25 00:00:00,BPNS_So_230425,Lara Macheriotou,0000-0002-5662-5689,,meio,,1,0.32,,Van Veen Grab,SoSOP3,,2023-04-25 00:00:00,"UGent MarBiol Freezer #11, Box#61",-20.0,Lara Macheriotou,0000-0002-5662-5689,,,N,354.0,to_arrive_Sep_2023,,,,,,,,EMOBON_BPNS_So_230425_meio_1
EMOBON-230425-BPNS-So3-Meio-R2,EMOBON mimarks-specimen sediment sample from station BPNS collected on 2023-04-25 community collected meio,33208.0,Metazoa ,mimarks-specimen,sediment [ENVO:00002007],2023-04-25 00:00:00,BPNS_So_230425,Lara Macheriotou,0000-0002-5662-5689,,meio,,2,0.32,,Van Veen Grab,SoSOP3,,2023-04-25 00:00:00,"UGent MarBiol Freezer #11, Box#61",-20.0,Lara Macheriotou,0000-0002-5662-5689,,,N,322.0,to_arrive_Sep_2023,,,,,,,,EMOBON_BPNS_So_230425_meio_2
EMOBON-230425-BPNS-So3-Meio-R3,EMOBON mimarks-specimen sediment sample from station BPNS collected on 2023-04-25 community collected meio,33208.0,Metazoa ,mimarks-specimen,sediment [ENVO:00002007],2023-04-25 00:00:00,BPNS_So_230425,Lara Macheriotou,0000-0002-5662-5689,,meio,,3,0.32,,Van Veen Grab,SoSOP3,,2023-04-25 00:00:00,"UGent MarBiol Freezer #11, Box#61",-20.0,Lara Macheriotou,0000-0002-5662-5689,,,Y,294.0,,,,,,,,,EMOBON_BPNS_So_230425_meio_3
EMOBON-230425-BPNS-So3-Meio-R4,EMOBON mimarks-specimen sediment sample from station BPNS collected on 2023-04-25 community collected meio,33208.0,Metazoa ,mimarks-specimen,sediment [ENVO:00002007],2023-04-25 00:00:00,BPNS_So_230425,Lara Macheriotou,0000-0002-5662-5689,,meio,,4,0.32,,Van Veen Grab,SoSOP3,,2023-04-25 00:00:00,"UGent MarBiol Freezer #11, Box#61",-20.0,Lara Macheriotou,0000-0002-5662-5689,,,Y,319.0,,,,,,,,,EMOBON_BPNS_So_230425_meio_4
EMOBON-230425-BPNS-So3-Meio-B,EMOBON mimarks-specimen sediment sample from station BPNS collected on 2023-04-25 community collected meio,32644.0,unidentified,mimarks-specimen,sediment [ENVO:00002007],2023-04-25 00:00:00,BPNS_So_230425,Lara Macheriotou,0000-0002-5662-5689,,meio,,blank,0.32,,Van Veen Grab,SoSOP3,,2023-04-25 00:00:00,"UGent MarBiol Freezer #11, Box#61",-20.0,Lara Macheriotou,0000-0002-5662-5689,,,N,,,,,,,,,,EMOBON_BPNS_So_230425_meio_blank
EMOBON-230621-BPNS-So3-Micro-R1,EMOBON metagenome sediment sample from station BPNS collected on 2023-06-21 community collected micro,412755.0,marine sediment metagenome,metagenome,sediment [ENVO:00002007],2023-06-21 00:00:00,BPNS_So_230621,Rune Lagaisse,0000-0001-9191-9140,,micro,,1,,,Van Veen Grab,SoSOP3,,2023-06-22 00:00:00,MSO LifeWatch Lab -80 Freezer,-80.0,Rune Lagaisse,0000-0001-9191-9142,,,N,,to_arrive_Sep_2023,,,,,,,,EMOBON_BPNS_So_230621_micro_1
EMOBON-230621-BPNS-So3-Micro-R2,EMOBON metagenome sediment sample from station BPNS collected on 2023-06-21 community collected micro,412755.0,marine sediment metagenome,metagenome,sediment [ENVO:00002007],2023-06-21 00:00:00,BPNS_So_230621,Rune Lagaisse,0000-0001-9191-9140,,micro,,2,,,Van Veen Grab,SoSOP3,,2023-06-22 00:00:00,MSO LifeWatch Lab -80 Freezer,-80.0,Rune Lagaisse,0000-0001-9191-9143,,,N,,to_arrive_Sep_2023,,,,,,,,EMOBON_BPNS_So_230621_micro_2
EMOBON-230621-BPNS-So3-Micro-R3,EMOBON metagenome sediment sample from station BPNS collected on 2023-06-21 community collected micro,412755.0,marine sediment metagenome,metagenome,sediment [ENVO:00002007],2023-06-21 00:00:00,BPNS_So_230621,Rune Lagaisse,0000-0001-9191-9140,,micro,,3,,,Van Veen Grab,SoSOP3,,2023-06-22 00:00:00,MSO LifeWatch Lab -80 Freezer,-80.0,Rune Lagaisse,0000-0001-9191-9144,,,Y,,,,,,,,,,EMOBON_BPNS_So_230621_micro_3
EMOBON-230621-BPNS-So3-Micro-R4,EMOBON metagenome sediment sample from station BPNS collected on 2023-06-21 community collected micro,412755.0,marine sediment metagenome,metagenome,sediment [ENVO:00002007],2023-06-21 00:00:00,BPNS_So_230621,Rune Lagaisse,0000-0001-9191-9140,,micro,,4,,,Van Veen Grab,SoSOP3,,2023-06-22 00:00:00,MSO LifeWatch Lab -80 Freezer,-80.0,Rune Lagaisse,0000-0001-9191-9145,,,Y,,,,,,,,,,EMOBON_BPNS_So_230621_micro_4
EMOBON-230621-BPNS-So3-Micro-B1,EMOBON metagenome sediment sample from station BPNS collected on 2023-06-21 community collected micro,32644.0,unidentified,metagenome,sediment [ENVO:00002007],2023-06-21 00:00:00,BPNS_So_230621,Rune Lagaisse,0000-0001-9191-9140,,micro,,blank,,,Van Veen Grab,SoSOP3,,2023-06-22 00:00:00,MSO LifeWatch Lab -80 Freezer,-80.0,Rune Lagaisse,0000-0001-9191-9146,,,N,,,,,,,,,,EMOBON_BPNS_So_230621_micro_blank
EMOBON-230621-BPNS-So3-Micro-B2,EMOBON metagenome sediment sample from station BPNS collected on 2023-06-21 community collected micro,32644.0,unidentified,metagenome,sediment [ENVO:00002007],2023-06-21 00:00:00,BPNS_So_230621,Rune Lagaisse,0000-0001-9191-9140,,micro,,blank,,,Van Veen Grab,SoSOP3,,2023-06-22 00:00:00,MSO LifeWatch Lab -80 Freezer,-80.0,Rune Lagaisse,0000-0001-9191-9142,,,N,,,,,,,,,,EMOBON_BPNS_So_230621_micro_blank
EMOBON-230621-BPNS-So3-Meio-R1,EMOBON mimarks-specimen sediment sample from station BPNS collected on 2023-06-21 community collected meio,33208.0,Metazoa ,mimarks-specimen,sediment [ENVO:00002007],2023-06-21 00:00:00,BPNS_So_230621,Annelien Rigaux,0000-0002-5662-5689,,meio,,1,0.32,,Van Veen Grab,SoSOP3,,2023-06-21 00:00:00,"UGent MarBiol Freezer #11, Box#61",-20.0,Lara Macheriotou,0000-0002-5662-5689,,,N,,to_arrive_Sep_2023,,,,,,,,EMOBON_BPNS_So_230621_meio_1
EMOBON-230621-BPNS-So3-Meio-R2,EMOBON mimarks-specimen sediment sample from station BPNS collected on 2023-06-21 community collected meio,33208.0,Metazoa ,mimarks-specimen,sediment [ENVO:00002007],2023-06-21 00:00:00,BPNS_So_230621,Annelien Rigaux,0000-0002-5662-5689,,meio,,2,0.32,,Van Veen Grab,SoSOP3,,2023-06-21 00:00:00,"UGent MarBiol Freezer #11, Box#61",-20.0,Lara Macheriotou,0000-0002-5662-5689,,,N,,to_arrive_Sep_2023,,,,,,,,EMOBON_BPNS_So_230621_meio_2
EMOBON-230621-BPNS-So3-Meio-R3,EMOBON mimarks-specimen sediment sample from station BPNS collected on 2023-06-21 community collected meio,33208.0,Metazoa ,mimarks-specimen,sediment [ENVO:00002007],2023-06-21 00:00:00,BPNS_So_230621,Annelien Rigaux,0000-0002-5662-5689,,meio,,3,0.32,,Van Veen Grab,SoSOP3,,2023-06-21 00:00:00,"UGent MarBiol Freezer #11, Box#61",-20.0,Lara Macheriotou,0000-0002-5662-5689,,,Y,,,,,,,,,,EMOBON_BPNS_So_230621_meio_3
EMOBON-230621-BPNS-So3-Meio-R4,EMOBON mimarks-specimen sediment sample from station BPNS collected on 2023-06-21 community collected meio,33208.0,Metazoa ,mimarks-specimen,sediment [ENVO:00002007],2023-06-21 00:00:00,BPNS_So_230621,Annelien Rigaux,0000-0002-5662-5689,,meio,,4,0.32,,Van Veen Grab,SoSOP3,,2023-06-21 00:00:00,"UGent MarBiol Freezer #11, Box#61",-20.0,Lara Macheriotou,0000-0002-5662-5689,,,Y,,,,,,,,,,EMOBON_BPNS_So_230621_meio_4
EMOBON-230621-BPNS-So3-Meio-B,EMOBON mimarks-specimen sediment sample from station BPNS collected on 2023-06-21 community collected meio,32644.0,unidentified,mimarks-specimen,sediment [ENVO:00002007],2023-06-21 00:00:00,BPNS_So_230621,Annelien Rigaux,0000-0002-5662-5689,,meio,,blank,0.32,,Van Veen Grab,SoSOP3,,2023-06-21 00:00:00,"UGent MarBiol Freezer #11, Box#61",-20.0,Lara Macheriotou,0000-0002-5662-5689,,,N,,,,,,,,,,EMOBON_BPNS_So_230621_meio_blank
,,,,,,,,,,,,,,,,,,,,,,,,,,,,,,,,,,,,EMOBON___
,,,,,,,,,,,,,,,,,,,,,,,,,,,,,,,,,,,,EMOBON___
,,,,,,,,,,,,,,,,,,,,,,,,,,,,,,,,,,,,EMOBON___
,,,,,,,,,,,,,,,,,,,,,,,,,,,,,,,,,,,,EMOBON___
,,,,,,,,,,,,,,,,,,,,,,,,,,,,,,,,,,,,EMOBON___
,,,,,,,,,,,,,,,,,,,,,,,,,,,,,,,,,,,,EMOBON___
,,,,,,,,,,,,,,,,,,,,,,,,,,,,,,,,,,,,EMOBON___
,,,,,,,,,,,,,,,,,,,,,,,,,,,,,,,,,,,,EMOBON___
,,,,,,,,,,,,,,,,,,,,,,,,,,,,,,,,,,,,EMOBON___
,,,,,,,,,,,,,,,,,,,,,,,,,,,,,,,,,,,,EMOBON___
,,,,,,,,,,,,,,,,,,,,,,,,,,,,,,,,,,,,EMOBON___
,,,,,,,,,,,,,,,,,,,,,,,,,,,,,,,,,,,,EMOBON___
,,,,,,,,,,,,,,,,,,,,,,,,,,,,,,,,,,,,EMOBON___
,,,,,,,,,,,,,,,,,,,,,,,,,,,,,,,,,,,,EMOBON___
,,,,,,,,,,,,,,,,,,,,,,,,,,,,,,,,,,,,EMOBON___
,,,,,,,,,,,,,,,,,,,,,,,,,,,,,,,,,,,,EMOBON___
,,,,,,,,,,,,,,,,,,,,,,,,,,,,,,,,,,,,EMOBON___
,,,,,,,,,,,,,,,,,,,,,,,,,,,,,,,,,,,,EMOBON___
,,,,,,,,,,,,,,,,,,,,,,,,,,,,,,,,,,,,EMOBON___
,,,,,,,,,,,,,,,,,,,,,,,,,,,,,,,,,,,,EMOBON___
,,,,,,,,,,,,,,,,,,,,,,,,,,,,,,,,,,,,EMOBON___
,,,,,,,,,,,,,,,,,,,,,,,,,,,,,,,,,,,,EMOBON___
,,,,,,,,,,,,,,,,,,,,,,,,,,,,,,,,,,,,EMOBON___
,,,,,,,,,,,,,,,,,,,,,,,,,,,,,,,,,,,,EMOBON___
,,,,,,,,,,,,,,,,,,,,,,,,,,,,,,,,,,,,EMOBON___
,,,,,,,,,,,,,,,,,,,,,,,,,,,,,,,,,,,,EMOBON___
,,,,,,,,,,,,,,,,,,,,,,,,,,,,,,,,,,,,EMOBON___
,,,,,,,,,,,,,,,,,,,,,,,,,,,,,,,,,,,,EMOBON___
,,,,,,,,,,,,,,,,,,,,,,,,,,,,,,,,,,,,EMOBON___
,,,,,,,,,,,,,,,,,,,,,,,,,,,,,,,,,,,,EMOBON___
,,,,,,,,,,,,,,,,,,,,,,,,,,,,,,,,,,,,EMOBON___
,,,,,,,,,,,,,,,,,,,,,,,,,,,,,,,,,,,,EMOBON___
,,,,,,,,,,,,,,,,,,,,,,,,,,,,,,,,,,,,EMOBON___
,,,,,,,,,,,,,,,,,,,,,,,,,,,,,,,,,,,,EMOBON___
,,,,,,,,,,,,,,,,,,,,,,,,,,,,,,,,,,,,EMOBON___
,,,,,,,,,,,,,,,,,,,,,,,,,,,,,,,,,,,,EMOBON___
,,,,,,,,,,,,,,,,,,,,,,,,,,,,,,,,,,,,EMOBON___
,,,,,,,,,,,,,,,,,,,,,,,,,,,,,,,,,,,,EMOBON___
,,,,,,,,,,,,,,,,,,,,,,,,,,,,,,,,,,,,EMOBON___
,,,,,,,,,,,,,,,,,,,,,,,,,,,,,,,,,,,,EMOBON___
,,,,,,,,,,,,,,,,,,,,,,,,,,,,,,,,,,,,EMOBON___
,,,,,,,,,,,,,,,,,,,,,,,,,,,,,,,,,,,,EMOBON___
,,,,,,,,,,,,,,,,,,,,,,,,,,,,,,,,,,,,EMOBON___
,,,,,,,,,,,,,,,,,,,,,,,,,,,,,,,,,,,,EMOBON___
,,,,,,,,,,,,,,,,,,,,,,,,,,,,,,,,,,,,EMOBON___
,,,,,,,,,,,,,,,,,,,,,,,,,,,,,,,,,,,,EMOBON___
,,,,,,,,,,,,,,,,,,,,,,,,,,,,,,,,,,,,EMOBON___
,,,,,,,,,,,,,,,,,,,,,,,,,,,,,,,,,,,,EMOBON___
,,,,,,,,,,,,,,,,,,,,,,,,,,,,,,,,,,,,EMOBON___
,,,,,,,,,,,,,,,,,,,,,,,,,,,,,,,,,,,,EMOBON___
,,,,,,,,,,,,,,,,,,,,,,,,,,,,,,,,,,,,EMOBON___
,,,,,,,,,,,,,,,,,,,,,,,,,,,,,,,,,,,,EMOBON___
,,,,,,,,,,,,,,,,,,,,,,,,,,,,,,,,,,,,EMOBON___
,,,,,,,,,,,,,,,,,,,,,,,,,,,,,,,,,,,,EMOBON___
,,,,,,,,,,,,,,,,,,,,,,,,,,,,,,,,,,,,EMOBON___
,,,,,,,,,,,,,,,,,,,,,,,,,,,,,,,,,,,,EMOBON___
,,,,,,,,,,,,,,,,,,,,,,,,,,,,,,,,,,,,EMOBON___
,,,,,,,,,,,,,,,,,,,,,,,,,,,,,,,,,,,,EMOBON___
,,,,,,,,,,,,,,,,,,,,,,,,,,,,,,,,,,,,EMOBON___
,,,,,,,,,,,,,,,,,,,,,,,,,,,,,,,,,,,,EMOBON___
,,,,,,,,,,,,,,,,,,,,,,,,,,,,,,,,,,,,EMOBON___
,,,,,,,,,,,,,,,,,,,,,,,,,,,,,,,,,,,,EMOBON___
,,,,,,,,,,,,,,,,,,,,,,,,,,,,,,,,,,,,EMOBON___
,,,,,,,,,,,,,,,,,,,,,,,,,,,,,,,,,,,,EMOBON___
,,,,,,,,,,,,,,,,,,,,,,,,,,,,,,,,,,,,EMOBON___
,,,,,,,,,,,,,,,,,,,,,,,,,,,,,,,,,,,,EMOBON___
,,,,,,,,,,,,,,,,,,,,,,,,,,,,,,,,,,,,EMOBON___
,,,,,,,,,,,,,,,,,,,,,,,,,,,,,,,,,,,,EMOBON___
,,,,,,,,,,,,,,,,,,,,,,,,,,,,,,,,,,,,EMOBON___
,,,,,,,,,,,,,,,,,,,,,,,,,,,,,,,,,,,,EMOBON___
,,,,,,,,,,,,,,,,,,,,,,,,,,,,,,,,,,,,EMOBON___
,,,,,,,,,,,,,,,,,,,,,,,,,,,,,,,,,,,,EMOBON___
,,,,,,,,,,,,,,,,,,,,,,,,,,,,,,,,,,,,EMOBON___
,,,,,,,,,,,,,,,,,,,,,,,,,,,,,,,,,,,,EMOBON___
,,,,,,,,,,,,,,,,,,,,,,,,,,,,,,,,,,,,EMOBON___
,,,,,,,,,,,,,,,,,,,,,,,,,,,,,,,,,,,,EMOBON___
,,,,,,,,,,,,,,,,,,,,,,,,,,,,,,,,,,,,EMOBON___
,,,,,,,,,,,,,,,,,,,,,,,,,,,,,,,,,,,,EMOBON___
,,,,,,,,,,,,,,,,,,,,,,,,,,,,,,,,,,,,EMOBON___
,,,,,,,,,,,,,,,,,,,,,,,,,,,,,,,,,,,,EMOBON___
,,,,,,,,,,,,,,,,,,,,,,,,,,,,,,,,,,,,EMOBON___
,,,,,,,,,,,,,,,,,,,,,,,,,,,,,,,,,,,,EMOBON___
,,,,,,,,,,,,,,,,,,,,,,,,,,,,,,,,,,,,EMOBON___
,,,,,,,,,,,,,,,,,,,,,,,,,,,,,,,,,,,,EMOBON___
,,,,,,,,,,,,,,,,,,,,,,,,,,,,,,,,,,,,EMOBON___
,,,,,,,,,,,,,,,,,,,,,,,,,,,,,,,,,,,,EMOBON___
,,,,,,,,,,,,,,,,,,,,,,,,,,,,,,,,,,,,EMOBON___
,,,,,,,,,,,,,,,,,,,,,,,,,,,,,,,,,,,,EMOBON___
,,,,,,,,,,,,,,,,,,,,,,,,,,,,,,,,,,,,EMOBON___
,,,,,,,,,,,,,,,,,,,,,,,,,,,,,,,,,,,,EMOBON___
,,,,,,,,,,,,,,,,,,,,,,,,,,,,,,,,,,,,EMOBON___
,,,,,,,,,,,,,,,,,,,,,,,,,,,,,,,,,,,,EMOBON___
,,,,,,,,,,,,,,,,,,,,,,,,,,,,,,,,,,,,EMOBON___
,,,,,,,,,,,,,,,,,,,,,,,,,,,,,,,,,,,,EMOBON___
,,,,,,,,,,,,,,,,,,,,,,,,,,,,,,,,,,,,EMOBON___
,,,,,,,,,,,,,,,,,,,,,,,,,,,,,,,,,,,,EMOBON___
,,,,,,,,,,,,,,,,,,,,,,,,,,,,,,,,,,,,EMOBON___
,,,,,,,,,,,,,,,,,,,,,,,,,,,,,,,,,,,,EMOBON___
