source_mat_id_orig,source_mat_id,sea_surf_temp,sea_surf_temp_method,ph,ph_method,sediment_temp,sediment_temp_method,redox_potential,redox_potential_method,alkalinity,alkalinity_method,ammonium,ammonium_method,bac_prod,bac_prod_method,biomass,biomass_method,chem_administration,chlorophyll,chlorophyll_method,diss_carb_dioxide,diss_carb_dioxide_method,diss_inorg_carb,diss_inorg_carb_method,diss_org_carb,diss_org_carb_method,diss_org_nitro,diss_org_nitro_method,diss_oxygen,diss_oxygen_method,magnesium,magnesium_method,methane,methane_method,n_alkanes,n_alkanes_method,nitrate,nitrate_method,nitrite,nitrite_method,organism_count,organism_count_method,oxy_stat_samp,part_org_carb,part_org_carb_method,part_org_nitro,part_org_nitro_method,particle_class,petroleum_hydrocarb,petroleum_hydrocarb_method,phaeopigments,phaeopigments_method,phosphate,phosphate_method,pigments,pigments_method,porosity,pressure,pressure_method,sea_surf_salinity,sea_surf_salinity_method,silicate,silicate_method,sulfate,sulfate_method,sulfide,sulfide_method,water_current,water_current_method
EMOBON-210701-330-SoSOP3-Meio-R1,EMOBON_BPNS_So_1,16.848,CTD,7,Hanna Instruments 991001 ph meter,16.85,CTD,,,,,,,,,,,,,,,,,,,,,,7.49,CTD,,,,,,,,,,,,,,,,,,,,,,,,,,,,0.99965457685,CTD,33.088,CTD,,,,,,,,
EMOBON-210701-330-SoSOP3-Meio-R2,EMOBON_BPNS_So_2,16.848,CTD,7,Hanna Instruments 991001 ph meter,16.85,CTD,,,,,,,,,,,,,,,,,,,,,,7.49,CTD,,,,,,,,,,,,,,,,,,,,,,,,,,,,0.99965457685,CTD,33.088,CTD,,,,,,,,
EMOBON-210701-330-SoSOP3-Meio-R3,EMOBON_BPNS_So_3,16.848,CTD,7,Hanna Instruments 991001 ph meter,16.85,CTD,,,,,,,,,,,,,,,,,,,,,,7.49,CTD,,,,,,,,,,,,,,,,,,,,,,,,,,,,0.99965457685,CTD,33.088,CTD,,,,,,,,
EMOBON-210701-330-SoSOP3-Meio-R4,EMOBON_BPNS_So_4,16.848,CTD,7,Hanna Instruments 991001 ph meter,16.85,CTD,,,,,,,,,,,,,,,,,,,,,,7.49,CTD,,,,,,,,,,,,,,,,,,,,,,,,,,,,0.99965457685,CTD,33.088,CTD,,,,,,,,
EMOBON-210726-330-SoSOP3-Micro-R1,EMOBON_BPNS_So_5,NA,no CTD taken,NA,no pH measured,NA,no CTD taken,,,,,,,,,,,,,,,,,,,,,,NA,no CTD taken,,,,,,,,,,,,,,,,,,,,,,,,,,,,NA,no CTD taken,NA,no CTD taken,,,,,,,,
EMOBON-210726-330-SoSOP3-Micro-R2,EMOBON_BPNS_So_6,NA,no CTD taken,NA,no pH measured,NA,no CTD taken,,,,,,,,,,,,,,,,,,,,,,NA,no CTD taken,,,,,,,,,,,,,,,,,,,,,,,,,,,,NA,no CTD taken,NA,no CTD taken,,,,,,,,
EMOBON-210726-330-SoSOP3-Micro-R3,EMOBON_BPNS_So_7,NA,no CTD taken,NA,no pH measured,NA,no CTD taken,,,,,,,,,,,,,,,,,,,,,,NA,no CTD taken,,,,,,,,,,,,,,,,,,,,,,,,,,,,NA,no CTD taken,NA,no CTD taken,,,,,,,,
EMOBON-210726-330-SoSOP3-Micro-R4,EMOBON_BPNS_So_8,NA,no CTD taken,NA,no pH measured,NA,no CTD taken,,,,,,,,,,,,,,,,,,,,,,NA,no CTD taken,,,,,,,,,,,,,,,,,,,,,,,,,,,,NA,no CTD taken,NA,no CTD taken,,,,,,,,
EMOBON-210726-330-SoSOP3-Micro-B1,EMOBON_BPNS_So_9,NA,NA,NA,NA,NA,NA,,,,,,,,,,,,,,,,,,,,,,NA,no CTD taken,,,,,,,,,,,,,,,,,,,,,,,,,,,,NA,NA,NA,NA,,,,,,,,
EMOBON-210726-330-SoSOP3-Micro-B2,EMOBON_BPNS_So_10,NA,NA,NA,NA,NA,NA,,,,,,,,,,,,,,,,,,,,,,NA,no CTD taken,,,,,,,,,,,,,,,,,,,,,,,,,,,,NA,NA,NA,NA,,,,,,,,
EMOBON-210825-330-SoSOP3-Micro-R1,EMOBON_BPNS_So_11,18.919,CTD,NA,no pH measured,18.814,CTD,,,,,,,,,,,,,,,,,,,,,,7.19,CTD,,,,,,,,,,,,,,,,,,,,,,,,,,,,1.01100419442,CTD,33.348,CTD,,,,,,,,
EMOBON-210825-330-SoSOP3-Micro-R2,EMOBON_BPNS_So_12,18.919,CTD,NA,no pH measured,18.814,CTD,,,,,,,,,,,,,,,,,,,,,,7.19,CTD,,,,,,,,,,,,,,,,,,,,,,,,,,,,1.01100419442,CTD,33.348,CTD,,,,,,,,
EMOBON-210825-330-SoSOP3-Micro-R3,EMOBON_BPNS_So_13,18.919,CTD,NA,no pH measured,18.814,CTD,,,,,,,,,,,,,,,,,,,,,,7.19,CTD,,,,,,,,,,,,,,,,,,,,,,,,,,,,1.01100419442,CTD,33.348,CTD,,,,,,,,
EMOBON-210825-330-SoSOP3-Micro-R4,EMOBON_BPNS_So_14,18.919,CTD,NA,no pH measured,18.814,CTD,,,,,,,,,,,,,,,,,,,,,,7.19,CTD,,,,,,,,,,,,,,,,,,,,,,,,,,,,1.01100419442,CTD,33.348,CTD,,,,,,,,
EMOBON-210825-330-SoSOP3-Micro-B1,EMOBON_BPNS_So_15,NA,NA,NA,NA,NA,NA,,,,,,,,,,,,,,,,,,,,,,NA,NA,,,,,,,,,,,,,,,,,,,,,,,,,,,,NA,NA,NA,NA,,,,,,,,
EMOBON-210825-330-SoSOP3-Micro-B2,EMOBON_BPNS_So_16,NA,NA,NA,NA,NA,NA,,,,,,,,,,,,,,,,,,,,,,NA,NA,,,,,,,,,,,,,,,,,,,,,,,,,,,,NA,NA,NA,NA,,,,,,,,
EMOBON-211028-BPNS-So3-Micro-R1,EMOBON_BPNS_So_17,14.097,CTD,7,Hanna Instruments 991001 ph meter,14.099,CTD,,,,,,,,,,,,,,,,,,,,,,8.14,CTD,,,,,,,,,,,,,,,,,,,,,,,,,,,,1.00014803849,CTD,33.855,CTD,,,,,,,,
EMOBON-211028-BPNS-So3-Micro-R2,EMOBON_BPNS_So_18,14.097,CTD,7,Hanna Instruments 991001 ph meter,14.099,CTD,,,,,,,,,,,,,,,,,,,,,,8.14,CTD,,,,,,,,,,,,,,,,,,,,,,,,,,,,1.00014803849,CTD,33.855,CTD,,,,,,,,
EMOBON-211028-BPNS-So3-Micro-R3,EMOBON_BPNS_So_19,14.097,CTD,7,Hanna Instruments 991001 ph meter,14.099,CTD,,,,,,,,,,,,,,,,,,,,,,8.14,CTD,,,,,,,,,,,,,,,,,,,,,,,,,,,,1.00014803849,CTD,33.855,CTD,,,,,,,,
EMOBON-211028-BPNS-So3-Micro-R4,EMOBON_BPNS_So_20,14.097,CTD,7,Hanna Instruments 991001 ph meter,14.099,CTD,,,,,,,,,,,,,,,,,,,,,,8.14,CTD,,,,,,,,,,,,,,,,,,,,,,,,,,,,1.00014803849,CTD,33.855,CTD,,,,,,,,
EMOBON-211028-BPNS-So3-Micro-B1,EMOBON_BPNS_So_21,NA,NA,NA,NA,NA,NA,,,,,,,,,,,,,,,,,,,,,,NA,NA,,,,,,,,,,,,,,,,,,,,,,,,,,,,NA,NA,NA,NA,,,,,,,,
EMOBON-211028-BPNS-So3-Micro-B2,EMOBON_BPNS_So_22,NA,NA,NA,NA,NA,NA,,,,,,,,,,,,,,,,,,,,,,NA,NA,,,,,,,,,,,,,,,,,,,,,,,,,,,,NA,NA,NA,NA,,,,,,,,
EMOBON-211028-BPNS-So3-Macro-R1,EMOBON_BPNS_So_23,14.097,CTD,7,Hanna Instruments 991001 ph meter,14.099,CTD,,,,,,,,,,,,,,,,,,,,,,8.14,CTD,,,,,,,,,,,,,,,,,,,,,,,,,,,,1.00014803849,CTD,33.855,CTD,,,,,,,,
EMOBON-211028-BPNS-So3-Macro-R2,EMOBON_BPNS_So_24,14.097,CTD,7,Hanna Instruments 991001 ph meter,14.099,CTD,,,,,,,,,,,,,,,,,,,,,,8.14,CTD,,,,,,,,,,,,,,,,,,,,,,,,,,,,1.00014803849,CTD,33.855,CTD,,,,,,,,
EMOBON-211028-BPNS-So3-Macro-R3,EMOBON_BPNS_So_25,14.097,CTD,7,Hanna Instruments 991001 ph meter,14.099,CTD,,,,,,,,,,,,,,,,,,,,,,8.14,CTD,,,,,,,,,,,,,,,,,,,,,,,,,,,,1.00014803849,CTD,33.855,CTD,,,,,,,,
EMOBON-211028-BPNS-So3-Macro-R4,EMOBON_BPNS_So_26,14.097,CTD,7,Hanna Instruments 991001 ph meter,14.099,CTD,,,,,,,,,,,,,,,,,,,,,,8.14,CTD,,,,,,,,,,,,,,,,,,,,,,,,,,,,1.00014803849,CTD,33.855,CTD,,,,,,,,
EMOBON-211028-BPNS-So3-Macro-B,EMOBON_BPNS_So_27,NA,NA,NA,NA,NA,NA,,,,,,,,,,,,,,,,,,,,,,NA,NA,,,,,,,,,,,,,,,,,,,,,,,,,,,,NA,NA,NA,NA,,,,,,,,
EMOBON-211028-BPNS-SoSOP3-Meio-R1,EMOBON_BPNS_So_28,14.097,CTD,7,Hanna Instruments 991001 ph meter,14.099,CTD,,,,,,,,,,,,,,,,,,,,,,8.14,CTD,,,,,,,,,,,,,,,,,,,,,,,,,,,,1.00014803849,CTD,33.855,CTD,,,,,,,,
EMOBON-211028-BPNS-SoSOP3-Meio-R2,EMOBON_BPNS_So_29,14.097,CTD,7,Hanna Instruments 991001 ph meter,14.099,CTD,,,,,,,,,,,,,,,,,,,,,,8.14,CTD,,,,,,,,,,,,,,,,,,,,,,,,,,,,1.00014803849,CTD,33.855,CTD,,,,,,,,
EMOBON-211028-BPNS-SoSOP3-Meio-R3,EMOBON_BPNS_So_30,14.097,CTD,7,Hanna Instruments 991001 ph meter,14.099,CTD,,,,,,,,,,,,,,,,,,,,,,8.14,CTD,,,,,,,,,,,,,,,,,,,,,,,,,,,,1.00014803849,CTD,33.855,CTD,,,,,,,,
EMOBON-211028-BPNS-SoSOP3-Meio-R4,EMOBON_BPNS_So_31,14.097,CTD,7,Hanna Instruments 991001 ph meter,14.099,CTD,,,,,,,,,,,,,,,,,,,,,,8.14,CTD,,,,,,,,,,,,,,,,,,,,,,,,,,,,1.00014803849,CTD,33.855,CTD,,,,,,,,
EMOBON-211028-BPNS-SoSOP3-Meio-B,EMOBON_BPNS_So_32,NA,NA,NA,NA,NA,NA,,,,,,,,,,,,,,,,,,,,,,NA,NA,,,,,,,,,,,,,,,,,,,,,,,,,,,,NA,NA,NA,NA,,,,,,,,
EMOBON-211223-BPNS-So3-Micro-R1,EMOBON_BPNS_So_33,NA,NA,NA,NA,NA,NA,,,,,,,,,,,,,,,,,,,,,,NA,CTD,,,,,,,,,,,,,,,,,,,,,,,,,,,,NA,NA,NA,CTD broke and sea surface salinity could not be measured,,,,,,,,
"EMOBON-211223-BPNS-So3-Micro-R2
",EMOBON_BPNS_So_34,NA,CTD,NA,CTD,NA,CTD,,,,,,,,,,,,,,,,,,,,,,NA,CTD,,,,,,,,,,,,,,,,,,,,,,,,,,,,NA,NA,NA,CTD broke and sea surface salinity could not be measured,,,,,,,,
EMOBON-211223-BPNS-So3-Micro-R3,EMOBON_BPNS_So_35,NA,CTD broke and sea surface temperature could not be measured,"5,96",Hanna Instruments 991001 ph meter,NA,CTD broke and sediment temperature could not be measured,,,,,,,,,,,,,,,,,,,,,,NA,CTD broke and dissolved oxygen could not be measured,,,,,,,,,,,,,,,,,,,,,,,,,,,,NA,CTD broke and pressure could not be measured,NA,CTD broke and sea surface salinity could not be measured,,,,,,,,
EMOBON-211223-BPNS-So3-Micro-R4,EMOBON_BPNS_So_36,NA,CTD broke and sea surface temperature could not be measured,"5,96",Hanna Instruments 991001 ph meter,NA,CTD broke and sediment temperature could not be measured,,,,,,,,,,,,,,,,,,,,,,NA,CTD broke and dissolved oxygen could not be measured,,,,,,,,,,,,,,,,,,,,,,,,,,,,NA,CTD broke and pressure could not be measured,NA,CTD broke and sea surface salinity could not be measured,,,,,,,,
EMOBON-211223-BPNS-So3-Micro-B1,EMOBON_BPNS_So_37,NA,NA,NA,NA,NA,NA,,,,,,,,,,,,,,,,,,,,,,NA,NA,,,,,,,,,,,,,,,,,,,,,,,,,,,,NA,NA,NA,NA,,,,,,,,
EMOBON-211223-BPNS-So3-Micro-B2,EMOBON_BPNS_So_38,NA,NA,NA,NA,NA,NA,,,,,,,,,,,,,,,,,,,,,,NA,NA,,,,,,,,,,,,,,,,,,,,,,,,,,,,NA,NA,NA,NA,,,,,,,,
EMOBON-220322-BPNS-So3-Micro-R1,EMOBON_BPNS_So_39,8.259,CTD,"8,02",LLG PH METER 5,8251,CTD,,,,,,,,,,,,,,,,,,,,,,9.7011765,CTD,,,,,,,,,,,,,,,,,,,,,,,,,,,,1.01445842586,CTD,31.932,CTD,,,,,,,,
EMOBON-220322-BPNS-So3-Micro-R2,EMOBON_BPNS_So_40,8.259,CTD,"8,02",LLG PH METER 5,8251,CTD,,,,,,,,,,,,,,,,,,,,,,9.7011765,CTD,,,,,,,,,,,,,,,,,,,,,,,,,,,,1.01445842586,CTD,31.932,CTD,,,,,,,,
EMOBON-220322-BPNS-So3-Micro-R3,EMOBON_BPNS_So_41,8.259,CTD,"8,02",LLG PH METER 5,8251,CTD,,,,,,,,,,,,,,,,,,,,,,9.7011765,CTD,,,,,,,,,,,,,,,,,,,,,,,,,,,,1.01445842586,CTD,31.932,CTD,,,,,,,,
EMOBON-220322-BPNS-So3-Micro-R4,EMOBON_BPNS_So_42,8.259,CTD,"8,02",LLG PH METER 5,8251,CTD,,,,,,,,,,,,,,,,,,,,,,9.7011765,CTD,,,,,,,,,,,,,,,,,,,,,,,,,,,,1.01445842586,CTD,31.932,CTD,,,,,,,,
EMOBON-220322-BPNS-So3-Micro-B1,EMOBON_BPNS_So_43,NA,NA,NA,NA,NA,NA,,,,,,,,,,,,,,,,,,,,,,NA,NA,,,,,,,,,,,,,,,,,,,,,,,,,,,,NA,NA,NA,NA,,,,,,,,
EMOBON-220322-BPNS-So3-Micro-B2,EMOBON_BPNS_So_44,NA,NA,NA,NA,NA,NA,,,,,,,,,,,,,,,,,,,,,,NA,NA,,,,,,,,,,,,,,,,,,,,,,,,,,,,NA,NA,NA,NA,,,,,,,,
EMOBON-220420-BPNS-So3-Micro-R1,EMOBON_BPNS_So_45,9.931,CTD,6.83,Hanna Instruments 991001 ph meter,9.883,CTD,,,,,,,,,,,,,,,,,,,,,,9.3230265,CTD,,,,,,,,,,,,,,,,,,,,,,,,,,,,1.00172711572,CTD,32.282,CTD,,,,,,,,
EMOBON-220420-BPNS-So3-Micro-R2,EMOBON_BPNS_So_46,9.931,CTD,6.83,Hanna Instruments 991001 ph meter,9.883,CTD,,,,,,,,,,,,,,,,,,,,,,9.3230265,CTD,,,,,,,,,,,,,,,,,,,,,,,,,,,,1.00172711572,CTD,32.282,CTD,,,,,,,,
EMOBON-220420-BPNS-So3-Micro-R3,EMOBON_BPNS_So_47,9.931,CTD,6.83,Hanna Instruments 991001 ph meter,9.883,CTD,,,,,,,,,,,,,,,,,,,,,,9.3230265,CTD,,,,,,,,,,,,,,,,,,,,,,,,,,,,1.00172711572,CTD,32.282,CTD,,,,,,,,
EMOBON-220420-BPNS-So3-Micro-R4,EMOBON_BPNS_So_48,9.931,CTD,6.83,Hanna Instruments 991001 ph meter,9.883,CTD,,,,,,,,,,,,,,,,,,,,,,9.3230265,CTD,,,,,,,,,,,,,,,,,,,,,,,,,,,,1.00172711572,CTD,32.282,CTD,,,,,,,,
EMOBON-220420-BPNS-So3-Micro-B1,EMOBON_BPNS_So_49,NA,NA,NA,NA,NA,NA,,,,,,,,,,,,,,,,,,,,,,NA,NA,,,,,,,,,,,,,,,,,,,,,,,,,,,,NA,NA,NA,NA,,,,,,,,
EMOBON-220420-BPNS-So3-Micro-B2,EMOBON_BPNS_So_50,NA,NA,NA,NA,NA,NA,,,,,,,,,,,,,,,,,,,,,,NA,NA,,,,,,,,,,,,,,,,,,,,,,,,,,,,NA,NA,NA,NA,,,,,,,,
EMOBON-220420-BPNS-So3-Macro-R1,EMOBON_BPNS_So_51,9.931,CTD,6.83,Hanna Instruments 991001 ph meter,9.883,CTD,,,,,,,,,,,,,,,,,,,,,,9.3230265,CTD,,,,,,,,,,,,,,,,,,,,,,,,,,,,1.00172711572,CTD,32.282,CTD,,,,,,,,
EMOBON-220420-BPNS-So3-Macro-R2,EMOBON_BPNS_So_52,9.931,CTD,6.83,Hanna Instruments 991001 ph meter,9.883,CTD,,,,,,,,,,,,,,,,,,,,,,9.3230265,CTD,,,,,,,,,,,,,,,,,,,,,,,,,,,,1.00172711572,CTD,32.282,CTD,,,,,,,,
EMOBON-220420-BPNS-So3-Macro-R3,EMOBON_BPNS_So_53,9.931,CTD,6.83,Hanna Instruments 991001 ph meter,9.883,CTD,,,,,,,,,,,,,,,,,,,,,,9.3230265,CTD,,,,,,,,,,,,,,,,,,,,,,,,,,,,1.00172711572,CTD,32.282,CTD,,,,,,,,
EMOBON-220420-BPNS-So3-Macro-R4,EMOBON_BPNS_So_54,9.931,CTD,6.83,Hanna Instruments 991001 ph meter,9.883,CTD,,,,,,,,,,,,,,,,,,,,,,9.3230265,CTD,,,,,,,,,,,,,,,,,,,,,,,,,,,,1.00172711572,CTD,32.282,CTD,,,,,,,,
EMOBON-220420-BPNS-So3-Macro-B,EMOBON_BPNS_So_55,NA,NA,NA,NA,NA,NA,,,,,,,,,,,,,,,,,,,,,,NA,NA,,,,,,,,,,,,,,,,,,,,,,,,,,,,NA,NA,NA,NA,,,,,,,,
EMOBON-220420-BPNS-SoSOP3-Meio-R1,EMOBON_BPNS_So_56,9.931,CTD,6.83,Hanna Instruments 991001 ph meter,9.883,CTD,,,,,,,,,,,,,,,,,,,,,,9.3230265,CTD,,,,,,,,,,,,,,,,,,,,,,,,,,,,1.00172711572,CTD,32.282,CTD,,,,,,,,
EMOBON-220420-BPNS-SoSOP3-Meio-R2,EMOBON_BPNS_So_57,9.931,CTD,6.83,Hanna Instruments 991001 ph meter,9.883,CTD,,,,,,,,,,,,,,,,,,,,,,9.3230265,CTD,,,,,,,,,,,,,,,,,,,,,,,,,,,,1.00172711572,CTD,32.282,CTD,,,,,,,,
EMOBON-220420-BPNS-SoSOP3-Meio-R3,EMOBON_BPNS_So_58,9.931,CTD,6.83,Hanna Instruments 991001 ph meter,9.883,CTD,,,,,,,,,,,,,,,,,,,,,,9.3230265,CTD,,,,,,,,,,,,,,,,,,,,,,,,,,,,1.00172711572,CTD,32.282,CTD,,,,,,,,
EMOBON-220420-BPNS-SoSOP3-Meio-R4,EMOBON_BPNS_So_59,9.931,CTD,6.83,Hanna Instruments 991001 ph meter,9.883,CTD,,,,,,,,,,,,,,,,,,,,,,9.3230265,CTD,,,,,,,,,,,,,,,,,,,,,,,,,,,,1.00172711572,CTD,32.282,CTD,,,,,,,,
EMOBON-220420-BPNS-SoSOP3-Meio-B,EMOBON_BPNS_So_60,NA,NA,NA,NA,NA,NA,,,,,,,,,,,,,,,,,,,,,,NA,NA,,,,,,,,,,,,,,,,,,,,,,,,,,,,NA,NA,NA,NA,,,,,,,,
EMOBON-220601-BPNS-So3-Micro-R1,EMOBON_BPNS_So_61,15.655,CTD,5.63,Hanna Instruments 991001 ph meter,15.619,CTD,,,,,,,,,,,,,,,,,,,,,,8.021452,CTD,,,,,,,,,,,,,,,,,,,,,,,,,,,,1.00626696,CTD,33.264,CTD,,,,,,,,
EMOBON-220601-BPNS-So3-Micro-R2,EMOBON_BPNS_So_62,15.655,CTD,5.63,Hanna Instruments 991001 ph meter,15.619,CTD,,,,,,,,,,,,,,,,,,,,,,8.021452,CTD,,,,,,,,,,,,,,,,,,,,,,,,,,,,1.00626696,CTD,33.264,CTD,,,,,,,,
EMOBON-220601-BPNS-So3-Micro-R3,EMOBON_BPNS_So_63,15.655,CTD,5.63,Hanna Instruments 991001 ph meter,15.619,CTD,,,,,,,,,,,,,,,,,,,,,,8.021452,CTD,,,,,,,,,,,,,,,,,,,,,,,,,,,,1.00626696,CTD,33.264,CTD,,,,,,,,
EMOBON-220601-BPNS-So3-Micro-R4,EMOBON_BPNS_So_64,15.655,CTD,5.63,Hanna Instruments 991001 ph meter,15.619,CTD,,,,,,,,,,,,,,,,,,,,,,8.021452,CTD,,,,,,,,,,,,,,,,,,,,,,,,,,,,1.00626696,CTD,33.264,CTD,,,,,,,,
EMOBON-220601-BPNS-So3-Micro-B1,EMOBON_BPNS_So_65,NA,NA,NA,NA,NA,NA,,,,,,,,,,,,,,,,,,,,,,NA,NA,,,,,,,,,,,,,,,,,,,,,,,,,,,,NA,NA,NA,NA,,,,,,,,
EMOBON-220601-BPNS-So3-Micro-B2,EMOBON_BPNS_So_66,NA,NA,NA,NA,NA,NA,,,,,,,,,,,,,,,,,,,,,,NA,NA,,,,,,,,,,,,,,,,,,,,,,,,,,,,NA,NA,NA,NA,,,,,,,,
EMOBON-220601-BPNS-SoSOP3-Meio-R1,EMOBON_BPNS_So_67,15.655,CTD,5.63,Hanna Instruments 991001 ph meter,15.619,CTD,,,,,,,,,,,,,,,,,,,,,,8.021452,CTD,,,,,,,,,,,,,,,,,,,,,,,,,,,,1.00626696,CTD,33.264,CTD,,,,,,,,
EMOBON-220601-BPNS-SoSOP3-Meio-R2,EMOBON_BPNS_So_68,15.655,CTD,5.63,Hanna Instruments 991001 ph meter,15.619,CTD,,,,,,,,,,,,,,,,,,,,,,8.021452,CTD,,,,,,,,,,,,,,,,,,,,,,,,,,,,1.00626696,CTD,33.264,CTD,,,,,,,,
EMOBON-220601-BPNS-SoSOP3-Meio-R3,EMOBON_BPNS_So_69,15.655,CTD,5.63,Hanna Instruments 991001 ph meter,15.619,CTD,,,,,,,,,,,,,,,,,,,,,,8.021452,CTD,,,,,,,,,,,,,,,,,,,,,,,,,,,,1.00626696,CTD,33.264,CTD,,,,,,,,
EMOBON-220601-BPNS-SoSOP3-Meio-R4,EMOBON_BPNS_So_70,15.655,CTD,5.63,Hanna Instruments 991001 ph meter,15.619,CTD,,,,,,,,,,,,,,,,,,,,,,8.021452,CTD,,,,,,,,,,,,,,,,,,,,,,,,,,,,1.00626696,CTD,33.264,CTD,,,,,,,,
EMOBON-220601-BPNS-SoSOP3-Meio-B,EMOBON_BPNS_So_71,NA,NA,NA,NA,NA,NA,,,,,,,,,,,,,,,,,,,,,,NA,NA,,,,,,,,,,,,,,,,,,,,,,,,,,,,NA,NA,NA,NA,,,,,,,,
EMOBON-220819-BPNS-So3-Micro-R1,EMOBON_BPNS_So_72,21.518,CTD,"6,85",LLG PH METER 5,21.502,CTD,,,,,,,,,,,,,,,,,,,,,,6.652191,CTD,,,,,,,,,,,,,,,,,,,,,,,,,,,,1.00626696,CTD,33.264,CTD,,,,,,,,
EMOBON-220819-BPNS-So3-Micro-R2,EMOBON_BPNS_So_73,21.518,CTD,"6,85",LLG PH METER 5,21.502,CTD,,,,,,,,,,,,,,,,,,,,,,6.652191,CTD,,,,,,,,,,,,,,,,,,,,,,,,,,,,Expected 12-2024,CTD,Expected 12-2024,CTD,,,,,,,,
EMOBON-220819-BPNS-So3-Micro-R3,EMOBON_BPNS_So_74,21.518,CTD,"6,85",LLG PH METER 5,21.502,CTD,,,,,,,,,,,,,,,,,,,,,,6.652191,CTD,,,,,,,,,,,,,,,,,,,,,,,,,,,,Expected 12-2024,CTD,Expected 12-2024,CTD,,,,,,,,
EMOBON-220819-BPNS-So3-Micro-R4,EMOBON_BPNS_So_75,21.518,CTD,"6,85",LLG PH METER 5,21.502,CTD,,,,,,,,,,,,,,,,,,,,,,6.652191,CTD,,,,,,,,,,,,,,,,,,,,,,,,,,,,Expected 12-2024,CTD,Expected 12-2024,CTD,,,,,,,,
EMOBON-220819-BPNS-So3-Micro-B1,EMOBON_BPNS_So_76,NA,NA,NA,NA,NA,NA,,,,,,,,,,,,,,,,,,,,,,NA,NA,,,,,,,,,,,,,,,,,,,,,,,,,,,,NA,NA,NA,NA,,,,,,,,
EMOBON-220819-BPNS-So3-Micro-B2,EMOBON_BPNS_So_77,NA,NA,NA,NA,NA,NA,,,,,,,,,,,,,,,,,,,,,,NA,NA,,,,,,,,,,,,,,,,,,,,,,,,,,,,NA,NA,NA,NA,,,,,,,,
EMOBON-221027-BPNS-So3-Micro-R1,EMOBON_BPNS_So_78,NA,CTD broken,NA,no pH measured,NA,CTD broken,,,,,,,,,,,,,,,,,,,,,,NA,CTD broken,,,,,,,,,,,,,,,,,,,,,,,,,,,,NA,CTD broken,NA,CTD broken,,,,,,,,
EMOBON-221027-BPNS-So3-Micro-R2,EMOBON_BPNS_So_79,NA,CTD broken,NA,no pH measured,NA,CTD broken,,,,,,,,,,,,,,,,,,,,,,NA,CTD broken,,,,,,,,,,,,,,,,,,,,,,,,,,,,NA,CTD broken,NA,CTD broken,,,,,,,,
EMOBON-221027-BPNS-So3-Micro-R3,EMOBON_BPNS_So_80,NA,CTD broken,NA,no pH measured,NA,CTD broken,,,,,,,,,,,,,,,,,,,,,,NA,CTD broken,,,,,,,,,,,,,,,,,,,,,,,,,,,,NA,CTD broken,NA,CTD broken,,,,,,,,
EMOBON-221027-BPNS-So3-Micro-R4,EMOBON_BPNS_So_81,NA,CTD broken,NA,no pH measured,NA,CTD broken,,,,,,,,,,,,,,,,,,,,,,NA,CTD broken,,,,,,,,,,,,,,,,,,,,,,,,,,,,NA,CTD broken,NA,CTD broken,,,,,,,,
EMOBON-221027-BPNS-So3-Micro-B1,EMOBON_BPNS_So_82,NA,NA,NA,NA,NA,NA,,,,,,,,,,,,,,,,,,,,,,NA,NA,,,,,,,,,,,,,,,,,,,,,,,,,,,,NA,NA,NA,NA,,,,,,,,
EMOBON-221027-BPNS-So3-Micro-B2,EMOBON_BPNS_So_83,NA,NA,NA,NA,NA,NA,,,,,,,,,,,,,,,,,,,,,,NA,NA,,,,,,,,,,,,,,,,,,,,,,,,,,,,NA,NA,NA,NA,,,,,,,,
EMOBON-221027-BPNS-So3-Macro-R1,EMOBON_BPNS_So_84,NA,CTD broken,NA,no pH measured,NA,CTD broken,,,,,,,,,,,,,,,,,,,,,,NA,CTD broken,,,,,,,,,,,,,,,,,,,,,,,,,,,,NA,CTD broken,NA,CTD broken,,,,,,,,
EMOBON-221027-BPNS-So3-Macro-R2,EMOBON_BPNS_So_85,NA,CTD broken,NA,no pH measured,NA,CTD broken,,,,,,,,,,,,,,,,,,,,,,NA,CTD broken,,,,,,,,,,,,,,,,,,,,,,,,,,,,NA,CTD broken,NA,CTD broken,,,,,,,,
EMOBON-221027-BPNS-So3-Macro-R3,EMOBON_BPNS_So_86,NA,CTD broken,NA,no pH measured,NA,CTD broken,,,,,,,,,,,,,,,,,,,,,,NA,CTD broken,,,,,,,,,,,,,,,,,,,,,,,,,,,,NA,CTD broken,NA,CTD broken,,,,,,,,
EMOBON-221027-BPNS-So3-Macro-R4,EMOBON_BPNS_So_87,NA,CTD broken,NA,no pH measured,NA,CTD broken,,,,,,,,,,,,,,,,,,,,,,NA,CTD broken,,,,,,,,,,,,,,,,,,,,,,,,,,,,NA,CTD broken,NA,CTD broken,,,,,,,,
EMOBON-221027-BPNS-So3-Macro-B,EMOBON_BPNS_So_88,NA,NA,NA,NA,NA,NA,,,,,,,,,,,,,,,,,,,,,,NA,NA,,,,,,,,,,,,,,,,,,,,,,,,,,,,NA,NA,NA,NA,,,,,,,,
EMOBON-221027-BPNS-SoSOP3-Meio-R1,EMOBON_BPNS_So_89,NA,CTD broken,NA,no pH measured,NA,CTD broken,,,,,,,,,,,,,,,,,,,,,,NA,CTD broken,,,,,,,,,,,,,,,,,,,,,,,,,,,,NA,CTD broken,NA,CTD broken,,,,,,,,
EMOBON-221027-BPNS-SoSOP3-Meio-R2,EMOBON_BPNS_So_90,NA,CTD broken,NA,no pH measured,NA,CTD broken,,,,,,,,,,,,,,,,,,,,,,NA,CTD broken,,,,,,,,,,,,,,,,,,,,,,,,,,,,NA,CTD broken,NA,CTD broken,,,,,,,,
EMOBON-221027-BPNS-SoSOP3-Meio-R3,EMOBON_BPNS_So_91,NA,CTD broken,NA,no pH measured,NA,CTD broken,,,,,,,,,,,,,,,,,,,,,,NA,CTD broken,,,,,,,,,,,,,,,,,,,,,,,,,,,,NA,CTD broken,NA,CTD broken,,,,,,,,
EMOBON-221027-BPNS-SoSOP3-Meio-R4,EMOBON_BPNS_So_92,NA,CTD broken,NA,no pH measured,NA,CTD broken,,,,,,,,,,,,,,,,,,,,,,NA,CTD broken,,,,,,,,,,,,,,,,,,,,,,,,,,,,NA,CTD broken,NA,CTD broken,,,,,,,,
EMOBON-221027-BPNS-SoSOP3-Meio-B,EMOBON_BPNS_So_93,NA,NA,NA,NA,NA,NA,,,,,,,,,,,,,,,,,,,,,,NA,NA,,,,,,,,,,,,,,,,,,,,,,,,,,,,NA,NA,NA,NA,,,,,,,,
EMOBON-221212-BPNS-So3-Micro-R1,EMOBON_BPNS_So_94,9.135,CTD,"6,6",LLG PH METER 5,"7,8",CTD,,,,,,,,,,,,,,,,,,,,,,9.149678,CTD,,,,,,,,,,,,,,,,,,,,,,,,,,,,Expected 12-2024,CTD,32.018,CTD,,,,,,,,
EMOBON-221212-BPNS-So3-Micro-R2,EMOBON_BPNS_So_95,9.135,CTD,"6,6",LLG PH METER 5,"7,8",CTD,,,,,,,,,,,,,,,,,,,,,,9.149678,CTD,,,,,,,,,,,,,,,,,,,,,,,,,,,,Expected 12-2024,CTD,32.018,CTD,,,,,,,,
EMOBON-221212-BPNS-So3-Micro-R3,EMOBON_BPNS_So_96,9.135,CTD,"6,6",LLG PH METER 5,"7,8",CTD,,,,,,,,,,,,,,,,,,,,,,9.149678,CTD,,,,,,,,,,,,,,,,,,,,,,,,,,,,Expected 12-2024,CTD,32.018,CTD,,,,,,,,
EMOBON-221212-BPNS-So3-Micro-R4,EMOBON_BPNS_So_97,9.135,CTD,"6,6",LLG PH METER 5,"7,8",CTD,,,,,,,,,,,,,,,,,,,,,,9.149678,CTD,,,,,,,,,,,,,,,,,,,,,,,,,,,,Expected 12-2024,CTD,32.018,CTD,,,,,,,,
EMOBON-221212-BPNS-So3-Micro-B1,EMOBON_BPNS_So_98,NA,NA,NA,NA,NA,NA,,,,,,,,,,,,,,,,,,,,,,NA,NA,,,,,,,,,,,,,,,,,,,,,,,,,,,,NA,NA,NA,NA,,,,,,,,
EMOBON-221212-BPNS-So3-Micro-B2,EMOBON_BPNS_So_99,NA,NA,NA,NA,NA,NA,,,,,,,,,,,,,,,,,,,,,,NA,NA,,,,,,,,,,,,,,,,,,,,,,,,,,,,NA,NA,NA,NA,,,,,,,,
EMOBON-230216-BPNS-So3-Micro-R1,EMOBON_BPNS_So_100,6.812,CTD,NA,no pH measured,7.326,CTD,,,,,,,,,,,,,,,,,,,,,,-1.8901,CTD,,,,,,,,,,,,,,,,,,,,,,,,,,,,NA,problem with underway data,33.238,CTD,,,,,,,,
EMOBON-230216-BPNS-So3-Micro-R2,EMOBON_BPNS_So_101,6.812,CTD,NA,no pH measured,7.326,CTD,,,,,,,,,,,,,,,,,,,,,,-1.8901,CTD,,,,,,,,,,,,,,,,,,,,,,,,,,,,NA,problem with underway data,33.238,CTD,,,,,,,,
EMOBON-230216-BPNS-So3-Micro-R3,EMOBON_BPNS_So_102,6.812,CTD,NA,no pH measured,7.326,CTD,,,,,,,,,,,,,,,,,,,,,,-1.8901,CTD,,,,,,,,,,,,,,,,,,,,,,,,,,,,NA,problem with underway data,33.238,CTD,,,,,,,,
EMOBON-230216-BPNS-So3-Micro-R4,EMOBON_BPNS_So_103,6.812,CTD,NA,no pH measured,7.326,CTD,,,,,,,,,,,,,,,,,,,,,,-1.8901,CTD,,,,,,,,,,,,,,,,,,,,,,,,,,,,NA,problem with underway data,33.238,CTD,,,,,,,,
EMOBON-230216-BPNS-So3-Micro-B1,EMOBON_BPNS_So_104,NA,NA,NA,NA,NA,NA,,,,,,,,,,,,,,,,,,,,,,NA,NA,,,,,,,,,,,,,,,,,,,,,,,,,,,,NA,NA,NA,NA,,,,,,,,
EMOBON-230216-BPNS-So3-Micro-B2,EMOBON_BPNS_So_105,NA,NA,NA,NA,NA,NA,,,,,,,,,,,,,,,,,,,,,,NA,NA,,,,,,,,,,,,,,,,,,,,,,,,,,,,NA,NA,NA,NA,,,,,,,,
EMOBON-230425-BPNS-So3-Micro-R1,EMOBON_BPNS_So_106,NA,"waves too high, no CTD possible",NA,no pH measured,NA,"waves too high, no CTD possible",,,,,,,,,,,,,,,,,,,,,,NA,"waves too high, no CTD possible",,,,,,,,,,,,,,,,,,,,,,,,,,,,NA,"waves too high, no CTD possible",NA,"waves too high, no CTD possible",,,,,,,,
EMOBON-230425-BPNS-So3-Micro-R2,EMOBON_BPNS_So_107,NA,"waves too high, no CTD possible",NA,no pH measured,NA,"waves too high, no CTD possible",,,,,,,,,,,,,,,,,,,,,,NA,"waves too high, no CTD possible",,,,,,,,,,,,,,,,,,,,,,,,,,,,NA,"waves too high, no CTD possible",NA,"waves too high, no CTD possible",,,,,,,,
EMOBON-230425-BPNS-So3-Micro-R3,EMOBON_BPNS_So_108,NA,"waves too high, no CTD possible",NA,no pH measured,NA,"waves too high, no CTD possible",,,,,,,,,,,,,,,,,,,,,,NA,"waves too high, no CTD possible",,,,,,,,,,,,,,,,,,,,,,,,,,,,NA,"waves too high, no CTD possible",NA,"waves too high, no CTD possible",,,,,,,,
EMOBON-230425-BPNS-So3-Micro-R4,EMOBON_BPNS_So_109,NA,"waves too high, no CTD possible",NA,no pH measured,NA,"waves too high, no CTD possible",,,,,,,,,,,,,,,,,,,,,,NA,"waves too high, no CTD possible",,,,,,,,,,,,,,,,,,,,,,,,,,,,NA,"waves too high, no CTD possible",NA,"waves too high, no CTD possible",,,,,,,,
EMOBON-230425-BPNS-So3-Micro-B1,EMOBON_BPNS_So_110,NA,NA,NA,NA,NA,NA,,,,,,,,,,,,,,,,,,,,,,NA,NA,,,,,,,,,,,,,,,,,,,,,,,,,,,,NA,NA,NA,NA,,,,,,,,
EMOBON-230425-BPNS-So3-Micro-B2,EMOBON_BPNS_So_111,NA,NA,NA,NA,NA,NA,,,,,,,,,,,,,,,,,,,,,,NA,NA,,,,,,,,,,,,,,,,,,,,,,,,,,,,NA,NA,NA,NA,,,,,,,,
EMOBON-230425-BPNS-So3-Macro-R1,EMOBON_BPNS_So_112,NA,"waves too high, no CTD possible",NA,no pH measured,NA,"waves too high, no CTD possible",,,,,,,,,,,,,,,,,,,,,,NA,"waves too high, no CTD possible",,,,,,,,,,,,,,,,,,,,,,,,,,,,NA,"waves too high, no CTD possible",NA,"waves too high, no CTD possible",,,,,,,,
EMOBON-230425-BPNS-So3-Macro-R2,EMOBON_BPNS_So_113,NA,"waves too high, no CTD possible",NA,no pH measured,NA,"waves too high, no CTD possible",,,,,,,,,,,,,,,,,,,,,,NA,"waves too high, no CTD possible",,,,,,,,,,,,,,,,,,,,,,,,,,,,NA,"waves too high, no CTD possible",NA,"waves too high, no CTD possible",,,,,,,,
EMOBON-230425-BPNS-So3-Macro-R3,EMOBON_BPNS_So_114,NA,"waves too high, no CTD possible",NA,no pH measured,NA,"waves too high, no CTD possible",,,,,,,,,,,,,,,,,,,,,,NA,"waves too high, no CTD possible",,,,,,,,,,,,,,,,,,,,,,,,,,,,NA,"waves too high, no CTD possible",NA,"waves too high, no CTD possible",,,,,,,,
EMOBON-230425-BPNS-So3-Macro-R4,EMOBON_BPNS_So_115,NA,"waves too high, no CTD possible",NA,no pH measured,NA,"waves too high, no CTD possible",,,,,,,,,,,,,,,,,,,,,,NA,"waves too high, no CTD possible",,,,,,,,,,,,,,,,,,,,,,,,,,,,NA,"waves too high, no CTD possible",NA,"waves too high, no CTD possible",,,,,,,,
EMOBON-230425-BPNS-So3-Macro-B,EMOBON_BPNS_So_116,NA,"waves too high, no CTD possible",NA,no pH measured,NA,"waves too high, no CTD possible",,,,,,,,,,,,,,,,,,,,,,NA,NA,,,,,,,,,,,,,,,,,,,,,,,,,,,,NA,NA,NA,NA,,,,,,,,
EMOBON-230425-BPNS-So3-Meio-R1,EMOBON_BPNS_So_117,NA,"waves too high, no CTD possible",NA,no pH measured,NA,"waves too high, no CTD possible",,,,,,,,,,,,,,,,,,,,,,NA,"waves too high, no CTD possible",,,,,,,,,,,,,,,,,,,,,,,,,,,,NA,"waves too high, no CTD possible",NA,"waves too high, no CTD possible",,,,,,,,
EMOBON-230425-BPNS-So3-Meio-R2,EMOBON_BPNS_So_118,NA,"waves too high, no CTD possible",NA,no pH measured,NA,"waves too high, no CTD possible",,,,,,,,,,,,,,,,,,,,,,NA,"waves too high, no CTD possible",,,,,,,,,,,,,,,,,,,,,,,,,,,,NA,"waves too high, no CTD possible",NA,"waves too high, no CTD possible",,,,,,,,
EMOBON-230425-BPNS-So3-Meio-R3,EMOBON_BPNS_So_119,NA,"waves too high, no CTD possible",NA,no pH measured,NA,"waves too high, no CTD possible",,,,,,,,,,,,,,,,,,,,,,NA,"waves too high, no CTD possible",,,,,,,,,,,,,,,,,,,,,,,,,,,,NA,"waves too high, no CTD possible",NA,"waves too high, no CTD possible",,,,,,,,
EMOBON-230425-BPNS-So3-Meio-R4,EMOBON_BPNS_So_120,NA,"waves too high, no CTD possible",NA,no pH measured,NA,"waves too high, no CTD possible",,,,,,,,,,,,,,,,,,,,,,NA,"waves too high, no CTD possible",,,,,,,,,,,,,,,,,,,,,,,,,,,,NA,"waves too high, no CTD possible",NA,"waves too high, no CTD possible",,,,,,,,
EMOBON-230425-BPNS-So3-Meio-B,EMOBON_BPNS_So_121,NA,NA,NA,NA,NA,NA,,,,,,,,,,,,,,,,,,,,,,NA,NA,,,,,,,,,,,,,,,,,,,,,,,,,,,,NA,NA,NA,NA,,,,,,,,
EMOBON-230621-BPNS-So3-Micro-R1,EMOBON_BPNS_So_122,16.895,CTD,NA,no pH measured,16.795,CTD,,,,,,,,,,,,,,,,,,,,,,NA,oxygen sensor broken,,,,,,,,,,,,,,,,,,,,,,,,,,,,1.0867999,CTD,32.005,CTD,,,,,,,,
EMOBON-230621-BPNS-So3-Micro-R2,EMOBON_BPNS_So_123,16.895,CTD,NA,no pH measured,16.795,CTD,,,,,,,,,,,,,,,,,,,,,,NA,oxygen sensor broken,,,,,,,,,,,,,,,,,,,,,,,,,,,,1.0867999,CTD,32.005,CTD,,,,,,,,
EMOBON-230621-BPNS-So3-Micro-R3,EMOBON_BPNS_So_124,16.895,CTD,NA,no pH measured,16.795,CTD,,,,,,,,,,,,,,,,,,,,,,NA,oxygen sensor broken,,,,,,,,,,,,,,,,,,,,,,,,,,,,1.0867999,CTD,32.005,CTD,,,,,,,,
EMOBON-230621-BPNS-So3-Micro-R4,EMOBON_BPNS_So_125,16.895,CTD,NA,no pH measured,16.795,CTD,,,,,,,,,,,,,,,,,,,,,,NA,oxygen sensor broken,,,,,,,,,,,,,,,,,,,,,,,,,,,,1.0867999,CTD,32.005,CTD,,,,,,,,
EMOBON-230621-BPNS-So3-Micro-B1,EMOBON_BPNS_So_126,NA,NA,NA,NA,NA,NA,,,,,,,,,,,,,,,,,,,,,,NA,NA,,,,,,,,,,,,,,,,,,,,,,,,,,,,NA,NA,NA,NA,,,,,,,,
EMOBON-230621-BPNS-So3-Micro-B2,EMOBON_BPNS_So_127,NA,NA,NA,NA,NA,NA,,,,,,,,,,,,,,,,,,,,,,NA,NA,,,,,,,,,,,,,,,,,,,,,,,,,,,,NA,NA,NA,NA,,,,,,,,
EMOBON-230621-BPNS-So3-Meio-R1,EMOBON_BPNS_So_128,16.895,CTD,NA,no pH measured,16.795,CTD,,,,,,,,,,,,,,,,,,,,,,NA,oxygen sensor broken,,,,,,,,,,,,,,,,,,,,,,,,,,,,1.0867999,CTD,32.005,CTD,,,,,,,,
EMOBON-230621-BPNS-So3-Meio-R2,EMOBON_BPNS_So_129,16.895,CTD,NA,no pH measured,16.795,CTD,,,,,,,,,,,,,,,,,,,,,,NA,oxygen sensor broken,,,,,,,,,,,,,,,,,,,,,,,,,,,,1.0867999,CTD,32.005,CTD,,,,,,,,
EMOBON-230621-BPNS-So3-Meio-R3,EMOBON_BPNS_So_130,16.895,CTD,NA,no pH measured,16.795,CTD,,,,,,,,,,,,,,,,,,,,,,NA,oxygen sensor broken,,,,,,,,,,,,,,,,,,,,,,,,,,,,1.0867999,CTD,32.005,CTD,,,,,,,,
EMOBON-230621-BPNS-So3-Meio-R4,EMOBON_BPNS_So_131,16.895,CTD,NA,no pH measured,16.795,CTD,,,,,,,,,,,,,,,,,,,,,,NA,oxygen sensor broken,,,,,,,,,,,,,,,,,,,,,,,,,,,,1.0867999,CTD,32.005,CTD,,,,,,,,
EMOBON-230621-BPNS-So3-Meio-B,EMOBON_BPNS_So_132,NA,NA,NA,NA,NA,NA,,,,,,,,,,,,,,,,,,,,,,NA,NA,,,,,,,,,,,,,,,,,,,,,,,,,,,,NA,NA,NA,NA,,,,,,,,
EMOBON-230817-BPNS-So3-Micro-R1,EMOBON_BPNS_So_133,18.866,CTD,NA,no pH measured,18.845,CTD,,,,,,,,,,,,,,,,,,,,,,NA,oxygen sensor broken,,,,,,,,,,,,,,,,,,,,,,,,,,,,1.00468789,CTD,34.122,CTD,,,,,,,,
EMOBON-230817-BPNS-So3-Micro-R2,EMOBON_BPNS_So_134,18.866,CTD,NA,no pH measured,18.845,CTD,,,,,,,,,,,,,,,,,,,,,,NA,oxygen sensor broken,,,,,,,,,,,,,,,,,,,,,,,,,,,,1.00468789,CTD,34.122,CTD,,,,,,,,
EMOBON-230817-BPNS-So3-Micro-R3,EMOBON_BPNS_So_135,18.866,CTD,NA,no pH measured,18.845,CTD,,,,,,,,,,,,,,,,,,,,,,NA,oxygen sensor broken,,,,,,,,,,,,,,,,,,,,,,,,,,,,1.00468789,CTD,34.122,CTD,,,,,,,,
EMOBON-230817-BPNS-So3-Micro-R4,EMOBON_BPNS_So_136,18.866,CTD,NA,no pH measured,18.845,CTD,,,,,,,,,,,,,,,,,,,,,,NA,oxygen sensor broken,,,,,,,,,,,,,,,,,,,,,,,,,,,,1.00468789,CTD,34.122,CTD,,,,,,,,
EMOBON-230817-BPNS-So3-Micro-B1,EMOBON_BPNS_So_137,NA,NA,NA,NA,NA,NA,,,,,,,,,,,,,,,,,,,,,,NA,NA,,,,,,,,,,,,,,,,,,,,,,,,,,,,NA,NA,NA,NA,,,,,,,,
EMOBON-230817-BPNS-So3-Micro-B2,EMOBON_BPNS_So_138,NA,NA,NA,NA,NA,NA,,,,,,,,,,,,,,,,,,,,,,NA,NA,,,,,,,,,,,,,,,,,,,,,,,,,,,,NA,NA,NA,NA,,,,,,,,
EMOBON-240304-BPNS-So3-Micro-R1,EMOBON_BPNS_So_139,8.468,CTD,NA,no pH measured,8.468,CTD,,,,,,,,,,,,,,,,,,,,,,NA,oxygen sensor broken,,,,,,,,,,,,,,,,,,,,,,,,,,,,0.997779423,CTD,33.983,CTD,,,,,,,,
EMOBON-240304-BPNS-So3-Micro-R2,EMOBON_BPNS_So_140,8.468,CTD,NA,no pH measured,8.468,CTD,,,,,,,,,,,,,,,,,,,,,,NA,oxygen sensor broken,,,,,,,,,,,,,,,,,,,,,,,,,,,,0.997779423,CTD,33.983,CTD,,,,,,,,
EMOBON-240304-BPNS-So3-Micro-R3,EMOBON_BPNS_So_141,8.468,CTD,NA,no pH measured,8.468,CTD,,,,,,,,,,,,,,,,,,,,,,NA,oxygen sensor broken,,,,,,,,,,,,,,,,,,,,,,,,,,,,0.997779423,CTD,33.983,CTD,,,,,,,,
EMOBON-240304-BPNS-So3-Micro-R4,EMOBON_BPNS_So_142,8.468,CTD,NA,no pH measured,8.468,CTD,,,,,,,,,,,,,,,,,,,,,,NA,oxygen sensor broken,,,,,,,,,,,,,,,,,,,,,,,,,,,,0.997779423,CTD,33.983,CTD,,,,,,,,
EMOBON-240304-BPNS-So3-Micro-B1,EMOBON_BPNS_So_143,NA,NA,NA,NA,NA,NA,,,,,,,,,,,,,,,,,,,,,,NA,NA,,,,,,,,,,,,,,,,,,,,,,,,,,,,NA,NA,NA,NA,,,,,,,,
EMOBON-240304-BPNS-So3-Micro-B2,EMOBON_BPNS_So_144,NA,NA,NA,NA,NA,NA,,,,,,,,,,,,,,,,,,,,,,NA,NA,,,,,,,,,,,,,,,,,,,,,,,,,,,,NA,NA,NA,NA,,,,,,,,
EMOBON 240423 BPNS So3 Micro R1,EMOBON_BPNS_So_145,NA,CTD broken,NA,no pH measured,NA,CTD broken,,,,,,,,,,,,,,,,,,,,,,NA,oxygen sensor broken,,,,,,,,,,,,,,,,,,,,,,,,,,,,1.00666173,CTD,NA,CTD broken,,,,,,,,
EMOBON 240423 BPNS So3 Micro R2,EMOBON_BPNS_So_146,NA,CTD broken,NA,no pH measured,NA,CTD broken,,,,,,,,,,,,,,,,,,,,,,NA,oxygen sensor broken,,,,,,,,,,,,,,,,,,,,,,,,,,,,1.00666173,CTD,NA,CTD broken,,,,,,,,
EMOBON 240423 BPNS So3 Micro R3,EMOBON_BPNS_So_147,NA,CTD broken,NA,no pH measured,NA,CTD broken,,,,,,,,,,,,,,,,,,,,,,NA,oxygen sensor broken,,,,,,,,,,,,,,,,,,,,,,,,,,,,1.00666173,CTD,NA,CTD broken,,,,,,,,
EMOBON 240423 BPNS So3 Micro R4,EMOBON_BPNS_So_148,NA,CTD broken,NA,no pH measured,NA,CTD broken,,,,,,,,,,,,,,,,,,,,,,NA,oxygen sensor broken,,,,,,,,,,,,,,,,,,,,,,,,,,,,1.00666173,CTD,NA,CTD broken,,,,,,,,
EMOBON 240423 BPNS So3 Micro B1,EMOBON_BPNS_So_149,NA,NA,NA,NA,NA,NA,,,,,,,,,,,,,,,,,,,,,,NA,NA,,,,,,,,,,,,,,,,,,,,,,,,,,,,NA,NA,NA,NA,,,,,,,,
EMOBON 240423 BPNS So3 Micro B2,EMOBON_BPNS_So_150,NA,NA,NA,NA,NA,NA,,,,,,,,,,,,,,,,,,,,,,NA,NA,,,,,,,,,,,,,,,,,,,,,,,,,,,,NA,NA,NA,NA,,,,,,,,
EMOBON 240423 BPNS So3 Macro R1,EMOBON_BPNS_So_151,NA,CTD broken,NA,no pH measured,NA,CTD broken,,,,,,,,,,,,,,,,,,,,,,NA,oxygen sensor broken,,,,,,,,,,,,,,,,,,,,,,,,,,,,1.00666173,CTD,NA,CTD broken,,,,,,,,
EMOBON 240423 BPNS So3 Macro R2,EMOBON_BPNS_So_152,NA,CTD broken,NA,no pH measured,NA,CTD broken,,,,,,,,,,,,,,,,,,,,,,NA,oxygen sensor broken,,,,,,,,,,,,,,,,,,,,,,,,,,,,1.00666173,CTD,NA,CTD broken,,,,,,,,
EMOBON 240423 BPNS So3 Macro R3,EMOBON_BPNS_So_153,NA,CTD broken,NA,no pH measured,NA,CTD broken,,,,,,,,,,,,,,,,,,,,,,NA,oxygen sensor broken,,,,,,,,,,,,,,,,,,,,,,,,,,,,1.00666173,CTD,NA,CTD broken,,,,,,,,
EMOBON 240423 BPNS So3 Macro R4,EMOBON_BPNS_So_154,NA,CTD broken,NA,no pH measured,NA,CTD broken,,,,,,,,,,,,,,,,,,,,,,NA,oxygen sensor broken,,,,,,,,,,,,,,,,,,,,,,,,,,,,1.00666173,CTD,NA,CTD broken,,,,,,,,
EMOBON 240423 BPNS So3 Macro B,EMOBON_BPNS_So_155,NA,NA,NA,NA,NA,NA,,,,,,,,,,,,,,,,,,,,,,NA,NA,,,,,,,,,,,,,,,,,,,,,,,,,,,,NA,NA,NA,NA,,,,,,,,
EMOBON 240423 BPNS So3 Meio R1,EMOBON_BPNS_So_156,NA,CTD broken,NA,no pH measured,NA,CTD broken,,,,,,,,,,,,,,,,,,,,,,NA,oxygen sensor broken,,,,,,,,,,,,,,,,,,,,,,,,,,,,1.00666173,CTD,NA,CTD broken,,,,,,,,
EMOBON 240423 BPNS So3 Meio R2,EMOBON_BPNS_So_157,NA,CTD broken,NA,no pH measured,NA,CTD broken,,,,,,,,,,,,,,,,,,,,,,NA,oxygen sensor broken,,,,,,,,,,,,,,,,,,,,,,,,,,,,1.00666173,CTD,NA,CTD broken,,,,,,,,
EMOBON 240423 BPNS So3 Meio R3,EMOBON_BPNS_So_158,NA,CTD broken,NA,no pH measured,NA,CTD broken,,,,,,,,,,,,,,,,,,,,,,NA,oxygen sensor broken,,,,,,,,,,,,,,,,,,,,,,,,,,,,1.00666173,CTD,NA,CTD broken,,,,,,,,
EMOBON 240423 BPNS So3 Meio R4,EMOBON_BPNS_So_159,NA,CTD broken,NA,no pH measured,NA,CTD broken,,,,,,,,,,,,,,,,,,,,,,NA,oxygen sensor broken,,,,,,,,,,,,,,,,,,,,,,,,,,,,1.00666173,CTD,NA,CTD broken,,,,,,,,
EMOBON 240423 BPNS So3 Meio B,EMOBON_BPNS_So_160,NA,NA,NA,NA,NA,NA,,,,,,,,,,,,,,,,,,,,,,NA,NA,,,,,,,,,,,,,,,,,,,,,,,,,,,,NA,NA,NA,NA,,,,,,,,
EMOBON 240614 BPNS So3 Micro R1,EMOBON_BPNS_So_161,15.555,CTD,NA,no pH measured,NA,CTD,,,,,,,,,,,,,,,,,,,,,,NA,oxygen sensor broken,,,,,,,,,,,,,,,,,,,,,,,,,,,,0.989884037,CTD,33.432,CTD,,,,,,,,
EMOBON 240614 BPNS So3 Micro R2,EMOBON_BPNS_So_162,15.555,CTD,NA,no pH measured,NA,CTD,,,,,,,,,,,,,,,,,,,,,,NA,oxygen sensor broken,,,,,,,,,,,,,,,,,,,,,,,,,,,,0.989884037,CTD,33.432,CTD,,,,,,,,
EMOBON 240614 BPNS So3 Micro R3,EMOBON_BPNS_So_163,15.555,CTD,NA,no pH measured,NA,CTD,,,,,,,,,,,,,,,,,,,,,,NA,oxygen sensor broken,,,,,,,,,,,,,,,,,,,,,,,,,,,,0.989884037,CTD,33.432,CTD,,,,,,,,
EMOBON 240614 BPNS So3 Micro R4,EMOBON_BPNS_So_164,15.555,CTD,NA,no pH measured,NA,CTD,,,,,,,,,,,,,,,,,,,,,,NA,oxygen sensor broken,,,,,,,,,,,,,,,,,,,,,,,,,,,,0.989884037,CTD,33.432,CTD,,,,,,,,
EMOBON 240614 BPNS So3 Micro B1,EMOBON_BPNS_So_165,NA,NA,NA,NA,NA,NA,,,,,,,,,,,,,,,,,,,,,,NA,NA,,,,,,,,,,,,,,,,,,,,,,,,,,,,NA,NA,NA,NA,,,,,,,,
EMOBON 240614 BPNS So3 Micro B2,EMOBON_BPNS_So_166,NA,NA,NA,NA,NA,NA,,,,,,,,,,,,,,,,,,,,,,NA,NA,,,,,,,,,,,,,,,,,,,,,,,,,,,,NA,NA,NA,NA,,,,,,,,
EMOBON 240614 BPNS So3 Meio R1,EMOBON_BPNS_So_167,15.555,CTD,NA,no pH measured,,CTD,,,,,,,,,,,,,,,,,,,,,,NA,oxygen sensor broken,,,,,,,,,,,,,,,,,,,,,,,,,,,,0.989884037,CTD,33.432,CTD,,,,,,,,
EMOBON 240614 BPNS So3 Meio R2,EMOBON_BPNS_So_168,15.555,CTD,NA,no pH measured,,CTD,,,,,,,,,,,,,,,,,,,,,,NA,oxygen sensor broken,,,,,,,,,,,,,,,,,,,,,,,,,,,,0.989884037,CTD,33.432,CTD,,,,,,,,
EMOBON 240614 BPNS So3 Meio R3,EMOBON_BPNS_So_169,15.555,CTD,NA,no pH measured,,CTD,,,,,,,,,,,,,,,,,,,,,,NA,oxygen sensor broken,,,,,,,,,,,,,,,,,,,,,,,,,,,,0.989884037,CTD,33.432,CTD,,,,,,,,
EMOBON 240614 BPNS So3 Meio R4,EMOBON_BPNS_So_170,15.555,CTD,NA,no pH measured,,CTD,,,,,,,,,,,,,,,,,,,,,,NA,oxygen sensor broken,,,,,,,,,,,,,,,,,,,,,,,,,,,,0.989884037,CTD,33.432,CTD,,,,,,,,
EMOBON 240614 BPNS So3 Meio B,EMOBON_BPNS_So_171,NA,NA,NA,NA,NA,NA,,,,,,,,,,,,,,,,,,,,,,NA,NA,,,,,,,,,,,,,,,,,,,,,,,,,,,,NA,NA,NA,NA,,,,,,,,
EMOBON 240826 BPNS So3 Micro R1,EMOBON_BPNS_So_172,19.807,CTD,NA,no pH measured,NA,NA,,,,,,,,,,,,,,,,,,,,,,NA,oxygen sensor broken,,,,,,,,,,,,,,,,,,,,,,,,,,,,1.00666173,CTD,34.388,CTD,,,,,,,,
EMOBON 240826 BPNS So3 Micro R2,EMOBON_BPNS_So_173,19.807,CTD,NA,no pH measured,NA,NA,,,,,,,,,,,,,,,,,,,,,,NA,oxygen sensor broken,,,,,,,,,,,,,,,,,,,,,,,,,,,,1.00666173,CTD,34.388,CTD,,,,,,,,
EMOBON 240826 BPNS So3 Micro R3,EMOBON_BPNS_So_174,19.807,CTD,NA,no pH measured,NA,NA,,,,,,,,,,,,,,,,,,,,,,NA,oxygen sensor broken,,,,,,,,,,,,,,,,,,,,,,,,,,,,1.00666173,CTD,34.388,CTD,,,,,,,,
EMOBON 240826 BPNS So3 Micro R4,EMOBON_BPNS_So_175,19.807,CTD,NA,no pH measured,NA,NA,,,,,,,,,,,,,,,,,,,,,,NA,oxygen sensor broken,,,,,,,,,,,,,,,,,,,,,,,,,,,,1.00666173,CTD,34.388,CTD,,,,,,,,
EMOBON 240826 BPNS So3 Micro B1,EMOBON_BPNS_So_176,19.807,NA,NA,NA,NA,NA,,,,,,,,,,,,,,,,,,,,,,NA,NA,,,,,,,,,,,,,,,,,,,,,,,,,,,,NA,NA,NA,NA,,,,,,,,
EMOBON 240826 BPNS So3 Micro B2,EMOBON_BPNS_So_177,19.807,NA,NA,NA,NA,NA,,,,,,,,,,,,,,,,,,,,,,NA,NA,,,,,,,,,,,,,,,,,,,,,,,,,,,,NA,NA,NA,NA,,,,,,,,
EMOBON 241022 BPNS So3 Meio R1,EMOBON_BPNS_So_178,14.328,CTD,NA,no pH measured,,,,,,,,,,,,,,,,,,,,,,,,NA,oxygen sensor broken,,,,,,,,,,,,,,,,,,,,,,,,,,,,1.01357019,CTD,29.93,CTD,,,,,,,,
EMOBON 2401022 BPNS So3 Meio R2,EMOBON_BPNS_So_179,14.328,CTD,NA,no pH measured,,,,,,,,,,,,,,,,,,,,,,,,NA,oxygen sensor broken,,,,,,,,,,,,,,,,,,,,,,,,,,,,1.01357019,CTD,29.93,CTD,,,,,,,,
EMOBON 241022 BPNS So3 Meio R3,EMOBON_BPNS_So_180,14.328,CTD,NA,no pH measured,,,,,,,,,,,,,,,,,,,,,,,,NA,oxygen sensor broken,,,,,,,,,,,,,,,,,,,,,,,,,,,,1.01357019,CTD,29.93,CTD,,,,,,,,
EMOBON 241022 BPNS So3 Meio R4,EMOBON_BPNS_So_181,14.328,CTD,NA,no pH measured,,,,,,,,,,,,,,,,,,,,,,,,NA,oxygen sensor broken,,,,,,,,,,,,,,,,,,,,,,,,,,,,1.01357019,CTD,29.93,CTD,,,,,,,,
EMOBON 241022 BPNS So3 Meio B,EMOBON_BPNS_So_182,NA,NA,NA,NA,,,,,,,,,,,,,,,,,,,,,,,,NA,NA,,,,,,,,,,,,,,,,,,,,,,,,,,,,NA,NA,NA,NA,,,,,,,,
EMOBON 241022 BPNS So3 Micro R1,EMOBON_BPNS_So_183,14.328,CTD,NA,no pH measured,NA,NA,,,,,,,,,,,,,,,,,,,,,,NA,oxygen sensor broken,,,,,,,,,,,,,,,,,,,,,,,,,,,,1.01357019,CTD,29.93,CTD,,,,,,,,
EMOBON 241022 BPNS So3 Micro R2,EMOBON_BPNS_So_184,14.328,CTD,NA,no pH measured,NA,NA,,,,,,,,,,,,,,,,,,,,,,NA,oxygen sensor broken,,,,,,,,,,,,,,,,,,,,,,,,,,,,1.01357019,CTD,29.93,CTD,,,,,,,,
EMOBON 241022 BPNS So3 Micro R3,EMOBON_BPNS_So_185,14.328,CTD,NA,no pH measured,NA,NA,,,,,,,,,,,,,,,,,,,,,,NA,oxygen sensor broken,,,,,,,,,,,,,,,,,,,,,,,,,,,,1.01357019,CTD,29.93,CTD,,,,,,,,
EMOBON 241022 BPNS So3 Micro R4,EMOBON_BPNS_So_186,14.328,CTD,NA,no pH measured,NA,NA,,,,,,,,,,,,,,,,,,,,,,NA,oxygen sensor broken,,,,,,,,,,,,,,,,,,,,,,,,,,,,1.01357019,CTD,29.93,CTD,,,,,,,,
EMOBON 241022 BPNS So3 Micro B1,EMOBON_BPNS_So_187,NA,NA,NA,NA,NA,NA,,,,,,,,,,,,,,,,,,,,,,NA,NA,,,,,,,,,,,,,,,,,,,,,,,,,,,,NA,NA,NA,NA,,,,,,,,
EMOBON 241022 BPNS So3 Micro B2,EMOBON_BPNS_So_188,NA,NA,NA,NA,NA,NA,,,,,,,,,,,,,,,,,,,,,,NA,NA,,,,,,,,,,,,,,,,,,,,,,,,,,,,NA,NA,NA,NA,,,,,,,,
EMOBON 241022 BPNS So3 Macro R1,EMOBON_BPNS_So_189,14.328,CTD,NA,no pH measured,NA,NA,,,,,,,,,,,,,,,,,,,,,,NA,oxygen sensor broken,,,,,,,,,,,,,,,,,,,,,,,,,,,,1.01357019,CTD,29.93,CTD,,,,,,,,
EMOBON 241022 BPNS So3 Macro R2,EMOBON_BPNS_So_190,14.328,CTD,NA,no pH measured,NA,NA,,,,,,,,,,,,,,,,,,,,,,NA,oxygen sensor broken,,,,,,,,,,,,,,,,,,,,,,,,,,,,1.01357019,CTD,29.93,CTD,,,,,,,,
EMOBON 241022 BPNS So3 Macro R3,EMOBON_BPNS_So_191,14.328,CTD,NA,no pH measured,NA,NA,,,,,,,,,,,,,,,,,,,,,,NA,oxygen sensor broken,,,,,,,,,,,,,,,,,,,,,,,,,,,,1.01357019,CTD,29.93,CTD,,,,,,,,
EMOBON 241022 BPNS So3 Macro R4,EMOBON_BPNS_So_192,14.328,CTD,NA,no pH measured,NA,NA,,,,,,,,,,,,,,,,,,,,,,NA,oxygen sensor broken,,,,,,,,,,,,,,,,,,,,,,,,,,,,1.01357019,CTD,29.93,CTD,,,,,,,,
EMOBON 241022 BPNS So3 Macro B,EMOBON_BPNS_So_193,NA,NA,NA,NA,NA,NA,,,,,,,,,,,,,,,,,,,,,,NA,NA,,,,,,,,,,,,,,,,,,,,,,,,,,,,NA,NA,NA,NA,,,,,,,,
EMOBON 241129 BPNS So3 Micro R1,,,,,,,,,,,,,,,,,,,,,,,,,,,,,,,,,,,,,,,,,,,,,,,,,,,,,,,,,,,,,,,,,,,,,
EMOBON 241129 BPNS So3 Micro R2,,,,,,,,,,,,,,,,,,,,,,,,,,,,,,,,,,,,,,,,,,,,,,,,,,,,,,,,,,,,,,,,,,,,,
EMOBON 241129 BPNS So3 Micro R3,,,,,,,,,,,,,,,,,,,,,,,,,,,,,,,,,,,,,,,,,,,,,,,,,,,,,,,,,,,,,,,,,,,,,
EMOBON 241129 BPNS So3 Micro R4,,,,,,,,,,,,,,,,,,,,,,,,,,,,,,,,,,,,,,,,,,,,,,,,,,,,,,,,,,,,,,,,,,,,,
EMOBON 241129 BPNS So3 Micro B,,,,,,,,,,,,,,,,,,,,,,,,,,,,,,,,,,,,,,,,,,,,,,,,,,,,,,,,,,,,,,,,,,,,,
EMOBON 250227 BPNS So3 Micro R1,,,,,,,,,,,,,,,,,,,,,,,,,,,,,,,,,,,,,,,,,,,,,,,,,,,,,,,,,,,,,,,,,,,,,
EMOBON 250227 BPNS So3 Micro R2,,,,,,,,,,,,,,,,,,,,,,,,,,,,,,,,,,,,,,,,,,,,,,,,,,,,,,,,,,,,,,,,,,,,,
EMOBON 250227 BPNS So3 Micro R3,,,,,,,,,,,,,,,,,,,,,,,,,,,,,,,,,,,,,,,,,,,,,,,,,,,,,,,,,,,,,,,,,,,,,
EMOBON 250227 BPNS So3 Micro R4,,,,,,,,,,,,,,,,,,,,,,,,,,,,,,,,,,,,,,,,,,,,,,,,,,,,,,,,,,,,,,,,,,,,,
EMOBON 250227 BPNS So3 Micro B,,,,,,,,,,,,,,,,,,,,,,,,,,,,,,,,,,,,,,,,,,,,,,,,,,,,,,,,,,,,,,,,,,,,,
EMOBON 250423 BPNS So3 Micro R1,,,,,,,,,,,,,,,,,,,,,,,,,,,,,,,,,,,,,,,,,,,,,,,,,,,,,,,,,,,,,,,,,,,,,
EMOBON 250423 BPNS So3 Micro R2,,,,,,,,,,,,,,,,,,,,,,,,,,,,,,,,,,,,,,,,,,,,,,,,,,,,,,,,,,,,,,,,,,,,,
EMOBON 250423 BPNS So3 Micro R3,,,,,,,,,,,,,,,,,,,,,,,,,,,,,,,,,,,,,,,,,,,,,,,,,,,,,,,,,,,,,,,,,,,,,
EMOBON 250423 BPNS So3 Micro R4,,,,,,,,,,,,,,,,,,,,,,,,,,,,,,,,,,,,,,,,,,,,,,,,,,,,,,,,,,,,,,,,,,,,,
EMOBON 250423 BPNS So3 Micro B,,,,,,,,,,,,,,,,,,,,,,,,,,,,,,,,,,,,,,,,,,,,,,,,,,,,,,,,,,,,,,,,,,,,,
EMOBON 250828 BPNS So3 Micro R1,,,,,,,,,,,,,,,,,,,,,,,,,,,,,,,,,,,,,,,,,,,,,,,,,,,,,,,,,,,,,,,,,,,,,
EMOBON 250828 BPNS So3 Micro R2,,,,,,,,,,,,,,,,,,,,,,,,,,,,,,,,,,,,,,,,,,,,,,,,,,,,,,,,,,,,,,,,,,,,,
EMOBON 250828 BPNS So3 Micro R3,,,,,,,,,,,,,,,,,,,,,,,,,,,,,,,,,,,,,,,,,,,,,,,,,,,,,,,,,,,,,,,,,,,,,
EMOBON 250828 BPNS So3 Micro R4,,,,,,,,,,,,,,,,,,,,,,,,,,,,,,,,,,,,,,,,,,,,,,,,,,,,,,,,,,,,,,,,,,,,,
EMOBON 250828 BPNS So3 Micro B,,,,,,,,,,,,,,,,,,,,,,,,,,,,,,,,,,,,,,,,,,,,,,,,,,,,,,,,,,,,,,,,,,,,,
EMOBON 250423 BPNS So3 Macro R1,,,,,,,,,,,,,,,,,,,,,,,,,,,,,,,,,,,,,,,,,,,,,,,,,,,,,,,,,,,,,,,,,,,,,
EMOBON 250423 BPNS So3 Macro R2,,,,,,,,,,,,,,,,,,,,,,,,,,,,,,,,,,,,,,,,,,,,,,,,,,,,,,,,,,,,,,,,,,,,,
EMOBON 250423 BPNS So3 Macro R3,,,,,,,,,,,,,,,,,,,,,,,,,,,,,,,,,,,,,,,,,,,,,,,,,,,,,,,,,,,,,,,,,,,,,
EMOBON 250423 BPNS So3 Macro R4,,,,,,,,,,,,,,,,,,,,,,,,,,,,,,,,,,,,,,,,,,,,,,,,,,,,,,,,,,,,,,,,,,,,,
EMOBON 250423 BPNS So3 Macro B,,,,,,,,,,,,,,,,,,,,,,,,,,,,,,,,,,,,,,,,,,,,,,,,,,,,,,,,,,,,,,,,,,,,,
EMOBON 251009 BPNS So3 Meio R1,,,,,,,,,,,,,,,,,,,,,,,,,,,,,,,,,,,,,,,,,,,,,,,,,,,,,,,,,,,,,,,,,,,,,
EMOBON 251009 BPNS So3 Meio R2,,,,,,,,,,,,,,,,,,,,,,,,,,,,,,,,,,,,,,,,,,,,,,,,,,,,,,,,,,,,,,,,,,,,,
EMOBON 251009 BPNS So3 Meio R3,,,,,,,,,,,,,,,,,,,,,,,,,,,,,,,,,,,,,,,,,,,,,,,,,,,,,,,,,,,,,,,,,,,,,
EMOBON 251009 BPNS So3 Meio R4,,,,,,,,,,,,,,,,,,,,,,,,,,,,,,,,,,,,,,,,,,,,,,,,,,,,,,,,,,,,,,,,,,,,,
EMOBON 251009 BPNS So3 Meio B,,,,,,,,,,,,,,,,,,,,,,,,,,,,,,,,,,,,,,,,,,,,,,,,,,,,,,,,,,,,,,,,,,,,,
